"","time","sentiment","sentsmooth","twfav","twret","reservasbcra","tasaint","basemon","tcdolar","casosarg","muertosarg","vacunasarg","maxtemp","mintemp","casosmundo","muertesmundo","sentiment_trend_orig","sent_trends"
"2","2019-12-11",0.42356667,0.4265441,23246,3223.25,43912,42.209999,1724751,73.160004,0,0,0,36,23,0,0,0.250001120050017,0.25785556
"3","2019-12-13",0.00000020035534,0.42505538,123669,17344,44248,42.669998,1671608,70.379997,0,0,0,26,14,0,0,0.240397292294966,0.24817608
"4","2019-12-16",0.32610023,0.00000020035534,21849.666,5316.3335,44225,41.389999,1734333,73.110001,0,0,0,27,18,0,0,0.215133480870062,0.27111447
"5","2019-12-17",0.0000000055511262,0.16305022,8859,2514,44294,41.310001,1736181,73.120003,0,0,0,31,19,0,0,0.166924368735711,0.2520389
"6","2019-12-18",0.016903164,0.16305012,11175.25,2450.5,44320,41.790001,1767520,71.489998,0,0,0,32,19,0,0,0.231295928586736,0.23367067
"7","2019-12-19",0.00012700263,0.11433446,10978.6,2354.2,44561,40.84,1776689,70.93,0,0,0,34,20,0,0,0.204812972941882,0.20754547
"8","2019-12-20",0.036580671,0.085782602,6395.875,1614.875,44788,38.27,1831542,71.089996,0,0,0,23,19,0,0,0.178691479154062,0.20454168
"9","2019-12-21",0.19880575,0.013402711,16289,2380,44788,38.27,1831542,71.089996,0,0,0,24,14,0,0,0.292621435115346,0.19543119
"10","2019-12-23",0.31249857,0.078504473,7924.3335,1476.6666,44839,40.009998,1896649,72.610001,0,0,0,32,17,0,0,0.267486284411668,0.22628549
"11","2019-12-24",0.0012687127,0.18262833,31644,6714,44839,40.009998,1896649,72.610001,0,0,0,34,18,0,0,0.330384603131511,0.24195382
"12","2019-12-27",0.54584867,0.15688364,18978.334,2699.6667,45190,38.75,1829109,72.089996,0,0,0,33,21,0,0,0.12361875577061,0.25265989
"13","2019-12-28",0.0014783383,0.27355868,14072,3093,45190,38.75,1829109,72.089996,0,0,0,33,25,0,0,0.3177551277918,0.216693
"14","2019-12-30",0.00000025423779,0.27366349,20354,4680,44848,38.049999,1895381,72.43,0,0,0,25,23,0,0,0.124178713274994,0.23971814
"15","2019-12-31",0.65308356,0.18244243,34810,8274,44848,38.049999,1895381,72.43,0,0,0,28,22,0,0,0.277936131835128,0.22827493
"16","2020-01-03",0.0010788449,0.3265419,14799.667,4044.6667,44872,37.080002,1834617,75.879997,0,0,0,30,20,0,0,0.371991928846641,0.21848254
"17","2020-01-04",0.0029124497,0.3270812,6879.5,1760,44872,37.080002,1834617,75.879997,0,0,0,32,22,0,0,0.313635991916006,0.28043583
"18","2020-01-06",0.000052637512,0.0019956473,81972,7205,44904,37.009998,1721191,75.800003,0,0,0,28,19,0,0,0.2761338855074,0.32543021
"19","2020-01-08",0.0000050858525,0.0014825435,18836,3551,45162,36.369999,1642612,74.809998,0,0,0,37,23,0,0,0.284404515335044,0.29156536
"20","2020-01-11",0.000005806789,0.0000050858525,19765,5931,45162,36.369999,1642612,77.650002,0,0,0,36,23,0,0,0.273429843923677,0.28394601
"21","2020-01-13",0.00001712204,0.000005806789,12759.667,2699,45317,35.700001,1628269,79.900002,0,0,0,28,21,0,0,0.104814076105047,0.28145754
"22","2020-01-16",0.000083197403,0.00001712204,14220,4138,45364,35.700001,1591464,80.029999,0,0,0,32,18,0,0,0.116251245507843,0.18212745
"23","2020-01-17",0.00000022144245,0.000050159721,16487,3766,45492,35.25,1583841,79.620003,0,0,0,37,21,0,0,0.405926026732203,0.15631609
"24","2020-01-21",0.000000001423185,0.00000022144245,11480.5,1997,45363,34.799999,1714912,79.93,0,0,0,34,28,0,0,0.228942613683756,0.27842563
"25","2020-01-22",0.24901269,0.000000001423185,8807.5,1491,45421,34.389999,1703587,80.32,0,0,0,35,26,0,0,0.187545727984851,0.23417978
"26","2020-01-23",0.055827402,0.12450635,9656.4287,1790.2858,45387,34.310001,1597283,81.57,0,0,0,34,24,98,1,0.169924953908295,0.19859827
"27","2020-01-27",0.000014779788,0.055827402,11595.5,3053,45158,33.220001,1906763,81.839996,0,0,0,29,19,809,26,0.154410577043639,0.18651825
"28","2020-01-28",0.017989604,0.000014779788,6466,1331.5,45105,33.799999,1791338,82.709999,0,0,0,35,19,2651,49,0.210567640657475,0.18263966
"29","2020-01-29",0.0021269359,0.0090021919,9430,2355,45064,33.610001,1749329,82.220001,0,0,0,31,26,589,2,0.152734801798203,0.19504115
"30","2020-01-30",0.066989563,0.0067104399,2064,547.5,45014,33.650002,1697771,82.970001,0,0,0,33,21,2068,38,0.184498772635222,0.16146787
"31","2020-01-31",0.00022447378,0.021780221,8010.3335,1758,44917,33.560001,1708871,83.790001,0,0,0,39,22,1692,42,0.298634346127381,0.17555295
"32","2020-02-01",0.0077219466,0.021832645,15605.5,3209.5,44917,33.560001,1708871,83.790001,0,0,0,37,23,2111,46,0.247734236369641,0.21160889
"33","2020-02-03",0.00033904464,0.024978662,11656,2492,44770,33.080002,1743752,82.559998,0,0,0,38,27,3100,64,0.271171811925496,0.2609309
"34","2020-02-04",0.031450894,0.0027618217,6252,1313,44632,33.48,1813619,82.900002,0,0,0,39,25,4011,66,0.26933318955014,0.28259915
"35","2020-02-05",0.000025891883,0.013170628,8798,1821,44645,33.560001,1813917,82.830002,0,0,0,35,28,3745,72,0.157516457141691,0.27527389
"36","2020-02-07",0.051556431,0.010605277,14812,3396,44675,32.689999,1902031,82.43,0,0,0,34,25,3593,85,0.212014715802996,0.24785011
"38","2020-02-14",0.0000000022127469,0.35988492,18269,4190,44744,32.700001,1954965,82.190002,0,0,0,34,24,6527,152,0.0584532661792729,0.21958902
"39","2020-02-15",0.00000053584051,0.17994246,7628,1797,44744,32.700001,1954965,82.190002,0,0,0,40,26,2143,143,0.182158586274686,0.17860195
"40","2020-02-16",0.0000078274525,0.11996182,8815,3263.5,44744,32.700001,1954965,82.190002,0,0,0,40,27,2183,104,0.125332397972172,0.17734127
"41","2020-02-18",0.000000013100103,0.0000027885019,16570,6608,44719,33.209999,1941302,80.440002,0,0,0,29,20,1882,140,0.271416080425714,0.14022584
"42","2020-02-19",0.90970564,0.000002792131,33858,5022,44705,30.92,1941904,80.739998,0,0,0,35,24,500,115,0.271416080425714,0.14022584
"43","2020-02-20",0.056323957,0.30323783,8707,2411,44717,32.490002,1887975,80.18,0,0,0,24,17,560,125,0.257032153820072,0.19723585
"44","2020-02-21",0.0021079478,0.32200986,6462.5,1690,44726,31.42,1855477,79.75,0,0,0,24,16,629,4,0.185542455756247,0.24113578
"45","2020-02-22",0.0000013956223,0.24203439,6116,742,44726,31.42,1855477,79.75,0,0,0,28,16,1761,207,0.232399651651426,0.23799689
"46","2020-02-24",0.000067674169,0.019477766,4468.8887,997.55554,44726,31.42,1855477,79.75,0,0,0,33,21,564,160,0.142693236922148,0.23845169
"47","2020-02-25",0.0000070646006,0.00072567252,22621.5,5579.5,44726,31.42,1855477,79.75,0,0,0,22,16,853,80,0.184387440656228,0.20986696
"48","2020-02-26",0.0000063232528,0.000025378131,8652,2355,44710,30.16,1807042,79.809998,0,0,0,29,19,977,61,0.28085058886723,0.2095782
"49","2020-02-27",0.01261878,0.000027020675,6869.5,1531,44791,31.01,1716359,79.559998,0,0,0,34,19,1360,43,0.155157878648539,0.22169094
"50","2020-02-28",0.000014460339,0.0031749606,7541.5,2006,44791,30.629999,1716134,80.870003,0,0,0,35,22,1386,59,0.195541458945799,0.19077228
"51","2020-02-29",0.00046570093,0.0031616571,8305.667,3129.8333,44791,30.629999,1716134,80.870003,0,0,0,36,22,1891,69,0.235785325488686,0.20398434
"52","2020-03-01",0.43849015,0.0032763162,6925,1567,44791,30.629999,1716134,80.870003,0,0,0,38,26,2381,54,0.373805337152414,0.21683381
"53","2020-03-02",0.038645782,0.11289728,16122,3971,44803,30.389999,1814114,81.25,1,0,0,38,27,1983,89,0.407365874598815,0.2400725
"54","2020-03-03",0.00016344288,0.11940403,3086,632,44819,30.459999,1738489,80.800003,2,0,0,38,25,2594,75,0.246795089803201,0.30312449
"55","2020-03-05",0.000025686411,0.15909979,11757.667,2524.6667,44838,29.629999,1703459,80.129997,6,1,0,34,24,2811,94,0.185443518355623,0.30279413
"56","2020-03-08",0.21834567,0.000025686411,23422.5,3772,44838,29.629999,1703459,81.610001,2,0,0,39,25,3949,240,0.219462738743629,0.21838261
"57","2020-03-10",0.00000032945218,0.21834567,20114,5512,44785,28.889999,1786615,83.400002,8,2,0,25,21,4822,274,0.167861585493788,0.2416953
"58","2020-03-11",0.00062019535,0.109173,14759,6295,44775,29.200001,1804267,85.760002,12,0,0,26,22,7661,344,0.259052326614357,0.22131021
"59","2020-03-13",0.14425057,0.0003102624,9401.2998,2152.6001,44359,27.82,1856208,88.220001,34,4,0,40,25,14384,497,0.220724749962234,0.25141767
"60","2020-03-16",0.0027729075,0.14425057,37424,4111,44308,27.799999,1856922,88.169998,27,3,0,27,19,14808,683,0.269747964525039,0.27471393
"61","2020-03-17",0.000086690765,0.073511742,89633,17579,44236,28.73,1918092,86.900002,55,2,0,28,21,15943,817,0.28313853865094,0.25807217
"62","2020-03-18",0.046432871,0.0014297991,15249.833,2668.3333,44040,28.639999,1919989,88.349998,49,0,0,26,20,19565,912,0.188016888649362,0.27367562
"63","2020-03-19",0.000003808057,0.016430823,71076,13474,43925,28.58,2025391,88.529999,40,1,0,27,19,27049,1116,0.200295896083403,0.26240236
"64","2020-03-20",0.23464619,0.01232407,53651.801,6150.3999,43822,25.75,2024399,91.400002,83,2,0,31,21,30775,1489,0.114303166094935,0.23529983
"65","2020-03-21",0.14895703,0.070292391,25869.285,4881,43822,25.75,2024399,91.400002,69,0,0,32,25,31991,1724,0.143226945579783,0.19643863
"66","2020-03-22",0.16490272,0.10750997,46867.332,8821.167,43822,25.75,2024399,91.400002,80,3,0,33,23,34855,1692,0.172587317038314,0.16146073
"67","2020-03-23",0.2890532,0.13712743,6828.7778,574.45831,43822,25.75,2024399,91.400002,99,5,0,33,23,42835,1954,0.185336378435094,0.15760334
"68","2020-03-24",0.18693478,0.20938978,15779.875,3762.875,43822,25.75,2024399,91.400002,116,5,0,35,22,41179,2294,0.203687636299061,0.15386344
"69","2020-03-25",0.036946014,0.19746193,9240.333,1967,43854,28.67,2205888,86.790001,116,11,0,24,16,51001,2820,0.221934731553096,0.17620957
"70","2020-03-26",0.17582445,0.16945918,40956.668,7384,43862,28.9,2313096,83.199997,107,10,0,29,22,62877,3041,0.236941009783902,0.19588652
"71","2020-03-27",0.20986585,0.17218961,6211.2002,2147.2,43728,26.84,2214596,85.419998,119,6,0,32,22,65041,3494,0.232517350238754,0.21197493
"72","2020-03-28",0.0038434081,0.15239277,36918,12126,43728,26.84,2214596,85.419998,92,9,0,31,23,67280,3740,0.193965170744044,0.22377019
"73","2020-03-29",0.0052631814,0.10661993,59541.5,5976,43728,26.84,2214596,85.419998,94,4,0,33,23,59237,3526,0.237853023088473,0.22133957
"74","2020-03-30",0.51671511,0.09869922,14244.6,4527.6001,43561,27.18,2292083,85.959999,128,11,0,31,25,65294,4093,0.19479833920707,0.22531913
"75","2020-03-31",0.19223011,0.18392189,15887.75,1929.75,43561,27.18,2292083,85.959999,103,10,0,24,21,76845,4767,0.373576387275802,0.21478347
"76","2020-04-01",0.27127847,0.17951295,4535.625,1489.875,43588,25.85,2392910,87.879997,112,10,0,25,20,82835,6013,0.272281751775834,0.25004822
"77","2020-04-02",0.48596868,0.24637172,5422.5,743.1731,43631,25.969999,2433387,87.779999,144,9,0,22,17,83050,5893,0.126574554033902,0.26962736
"78","2020-04-03",0.14727165,0.36654809,7472.3335,344.16666,43650,25.360001,2433495,88.419998,118,7,0,28,17,83571,6182,0.334587919468786,0.24180776
"79","2020-04-04",0.25354749,0.27418724,9721.667,2733.6667,43650,25.360001,2433495,88.419998,102,6,0,27,18,58359,5955,0.214259548245399,0.27675515
"80","2020-04-05",0.18843296,0.28951657,8470,2148.2222,43650,25.360001,2433495,88.419998,71,8,0,25,17,72610,5237,0.203113662562881,0.23692594
"81","2020-04-06",0.21814436,0.26880521,5781.3335,1933.5,43702,25.42,2412207,89.57,146,20,0,21,16,73152,5973,0.293808797314951,0.21963392
"82","2020-04-07",0.095898889,0.20184912,6995.4443,1733,43724,24.07,2449458,90.440002,116,5,0,23,16,69841,8305,0.191298204864505,0.26144248
"83","2020-04-08",0.24836844,0.18900593,5202.6001,1223.2,43804,22.139999,2441939,94.269997,113,12,0,22,15,83398,6846,0.173983292561418,0.22562005
"84","2020-04-09",0.45581248,0.18771116,4736,970,43804,22.139999,2441939,94.269997,142,6,0,23,17,87020,7871,0.203788428008369,0.21555099
"85","2020-04-10",0.22946739,0.25455603,1577.9269,500.36584,43804,22.139999,2441939,94.269997,98,5,0,24,16,85523,7431,0.215531592620357,0.21571968
"86","2020-04-11",0.12757844,0.2573868,7774.9443,1710.5,43804,22.139999,2441939,94.269997,154,17,0,28,18,74264,6261,0.180063935715896,0.19615038
"87","2020-04-12",0.12114369,0.26530668,2275.5454,940.54547,43804,22.139999,2441939,94.269997,135,8,0,27,18,119695,5941,0.167029004057877,0.19334181
"88","2020-04-13",0.065752707,0.2335005,4298.375,899,43862,20.870001,2438610,101.09,181,12,0,20,16,70741,6055,0.219700871615868,0.19160324
"89","2020-04-14",0.024361247,0.13598555,9363,1979.5,43886,20.280001,2440687,106.26,135,11,0,20,13,84004,7070,0.230292811975258,0.19558135
"90","2020-04-15",0.1801689,0.084709018,3733.8572,1538.8572,43844,18.68,2438830,108.32,162,8,0,21,13,77116,8588,0.293829321490865,0.19927165
"91","2020-04-16",0.31948391,0.097856633,3489.1428,995,43852,18.5,2426033,103.37,152,6,0,24,14,95518,7384,0.1832615754168,0.227713
"92","2020-04-17",0.026535539,0.14744169,4464,1225,43817,18.379999,1931880,99.839996,166,12,0,27,17,88033,8528,0.266805246064672,0.23177114
"93","2020-04-18",0.21788605,0.13763739,3743.2222,1521.2222,43817,18.379999,1931880,99.839996,132,16,0,27,18,77215,6235,0.25509430203885,0.24354725
"94","2020-04-19",0.26892996,0.1860186,7708.3335,1262.6666,43817,18.379999,1931880,99.839996,123,9,0,30,19,76571,5344,0.196769162565017,0.2497476
"95","2020-04-20",0.053693682,0.20820886,5741.7144,1291.1428,43826,20.59,1926009,104.23,195,15,0,30,21,76010,6036,0.332996400958191,0.22548257
"96","2020-04-21",0.33579105,0.1417613,12653.667,1975.6666,43780,20.25,1900283,108.43,223,29,0,23,19,75758,7431,0.160103918048227,0.26291627
"97","2020-04-22",0.26353335,0.21907519,7539.6665,2612.3333,43735,19.09,1873799,109.18,176,17,0,21,17,81299,7042,0.276892901939893,0.23624095
"98","2020-04-23",0.21611957,0.23048702,5662.5,1475.5,43751,19.24,1858122,110.05,292,29,0,27,18,84291,7037,0.129467476215335,0.24169059
"99","2020-04-24",0.12655263,0.21728441,1777.3334,798.33331,43696,21.01,1800129,108.35,220,23,0,27,22,84096,6952,0.242978144492757,0.22486517
"100","2020-04-25",0.32705078,0.23549914,5662,696.14288,43696,21.01,1800129,108.35,153,8,0,20,12,82243,5857,0.384644382684796,0.20236062
"101","2020-04-26",0.37980741,0.23331408,5274.9487,698.10254,43696,21.01,1800129,108.35,109,10,0,21,18,71575,4246,0.237228385461328,0.25849572
"102","2020-04-27",0.0077628735,0.2623826,18427,3460.5,43646,20.77,1866499,112.92,217,22,0,19,10,70204,5008,0.351711250768434,0.24857959
"103","2020-04-28",0.037599713,0.21029343,4240,554,43590,20.780001,1830951,116.95,195,21,0,22,15,75538,6821,0.160114865398821,0.30414054
"104","2020-04-29",0.21418147,0.18805519,8365.167,3325.8889,43545,20.809999,1780058,108.87,192,17,0,22,13,77131,6968,0.243709478909335,0.28342474
"105","2020-04-30",0.2019539,0.15983787,4986,1468.4546,43568,18.950001,1867128,112.31,218,17,0,26,16,83480,6061,0.336958551011165,0.248191
"106","2020-05-01",0.27603155,0.11537449,4594.6001,1062.2,43568,18.950001,1867128,112.31,151,15,0,22,16,88357,5482,0.230434340482579,0.27312353
"107","2020-05-02",0.29726428,0.18244165,1290.2,356.60001,43568,18.950001,1867128,112.31,165,12,0,21,17,79198,5826,0.253253830121745,0.2428043
"108","2020-05-03",0.0030293262,0.2473578,58796,10140,43568,18.950001,1867128,112.31,120,9,0,21,15,76397,3847,0.22570201303658,0.26608905
"109","2020-05-04",0.28127775,0.19456977,9173,2378.5,43565,20.959999,2411298,110.19,194,21,0,21,17,77672,4602,0.297578117701963,0.26158717
"110","2020-05-05",0.20773859,0.21440072,2290,1540.25,43589,21.49,2460350,117.08,227,21,0,16,12,80499,6126,0.222279455832388,0.25174206
"111","2020-05-06",0.047282148,0.19732748,0,939,43400,22.1,2356666,115.88,295,15,0,16,11,90037,6868,0.314489324701909,0.24970335
"112","2020-05-07",0.17842557,0.13483195,9101,2285,43411,21.5,2301061,115.77,330,24,0,19,14,88724,5693,0.309056206579586,0.26501223
"113","2020-05-08",0.074471124,0.17868102,1928.8334,1321.8334,43415,21.610001,2285781,112.98,294,15,0,19,12,90270,5915,0.303145833482021,0.28585076
"114","2020-05-09",0.16985042,0.12697935,2957.6111,1065.7222,43415,21.610001,2285781,112.98,272,13,0,21,11,85263,4597,0.354138097543086,0.28724271
"115","2020-05-10",0.18725628,0.11750732,6465.5,1617,43415,21.610001,2285781,112.98,270,12,0,23,15,74914,4011,0.182952498593499,0.32020736
"116","2020-05-11",0.18570495,0.15250085,3445.6667,1099.5555,43348,22.629999,2363214,115.98,357,16,0,23,14,76658,3936,0.378488683948586,0.28732315
"117","2020-05-12",0.0088566886,0.15432069,0,785.83331,43351,21.709999,2390593,119.31,396,25,0,23,15,84470,5904,0.156535103939442,0.30468127
"118","2020-05-13",0.10838852,0.13791709,0,457.5625,43263,22.190001,2326714,122.77,359,19,0,18,14,85005,5482,0.198174100884535,0.26802859
"119","2020-05-14",0.5362336,0.12255161,0,873.33331,43215,22.040001,2343802,119.36,464,23,0,19,13,96230,5575,0.307925041782331,0.2290376
"120","2020-05-15",0.32565218,0.20979594,5797.75,1478.8125,43137,23.190001,2504806,117.95,455,18,0,19,12,95718,5642,0.215739202549808,0.26028073
"121","2020-05-16",0.222046,0.24478275,0,787.33331,43137,23.190001,2504806,117.95,391,17,0,22,14,94415,4557,0.232463282778218,0.21959336
"122","2020-05-17",0.068748564,0.29808009,17055.555,4167.8887,43137,23.190001,2504806,117.95,462,26,0,25,17,78047,3568,0.167795953883549,0.23857541
"123","2020-05-18",0.054729972,0.2881701,0,331.57144,43047,25.33,2255996,115.54,652,40,0,25,17,89166,4151,0.247366910401813,0.23098087
"124","2020-05-19",0.25540102,0.16779418,9061.25,1986,42980,24.83,2039211,114.22,605,33,0,27,18,96747,5140,0.160651392470767,0.21584134
"125","2020-05-20",0.56557661,0.15023139,0,781,42949,24.35,1993629,114.84,723,26,0,22,18,101906,5196,0.183823378418885,0.20206939
"126","2020-05-21",0.13602628,0.23611404,9092,1816.5,42839,26.34,2000492,114.37,819,42,0,19,15,106647,5081,0.15967535979219,0.18990941
"127","2020-05-22",0.063592367,0.25293347,4418.1665,1068.3334,42738,25.98,1987395,109.53,842,34,0,15,13,106414,5678,0.254299941721852,0.18787926
"128","2020-05-23",0.12425467,0.25514907,3257.6001,1303.2,42738,25.98,1987395,109.53,755,22,0,16,10,104792,4314,0.351071014151727,0.18961252
"129","2020-05-24",0.082896501,0.22236249,780.94873,964.66669,42738,25.98,1987395,109.53,620,22,0,17,11,94221,3477,0.3469384924729,0.23721743
"130","2020-05-25",0.097879425,0.10169245,6237.7778,2575.3333,42738,25.98,1987395,109.53,635,24,0,18,14,86706,1616,0.0967888879108717,0.27799621
"131","2020-05-26",0.059914339,0.09215574,1901.3889,573.61108,42629,25.49,2026404,106.32,792,33,0,21,14,93980,4664,0.22175871155201,0.26227459
"132","2020-05-27",0.24951975,0.091236234,3919.6667,1035,42499,25.18,1983720,105.56,901,43,0,22,14,102764,5399,0.232995630983966,0.25413927
"133","2020-05-28",0.18406484,0.12255251,5597,1162.5,42448,25.860001,2049428,109.41,930,49,0,23,13,119281,5012,0.243102002056282,0.22462043
"134","2020-05-29",0.10593447,0.14784458,3176.5,913.5,42589,25.309999,2131292,107.71,1003,67,0,22,15,120908,5158,0.191590752951726,0.19866131
"135","2020-05-30",0.0020130794,0.14985836,0,388.5,42589,25.309999,2131292,107.71,834,41,0,17,12,136514,4385,0.300659827046276,0.22236177
"136","2020-05-31",0.21776031,0.13538304,494.25,566.75,42589,25.309999,2131292,107.71,639,35,0,14,8,106404,3157,0.277537156443952,0.24208705
"137","2020-06-01",0.0021903489,0.12744318,3193.6667,2670.6667,42609,28.52,2411499,108.77,992,43,0,15,9,95973,3515,0.172681627132509,0.25322244
"138","2020-06-02",0.39788735,0.081974551,28559.25,4250.5,42660,28.09,2218153,106.39,1039,48,0,16,10,121964,5203,0.24670782367678,0.23561734
"139","2020-06-03",0.18211909,0.15496278,13312,2074.1428,42670,27.959999,2204817,107.91,1043,54,0,16,10,114251,5841,0.222217481617412,0.24939661
"140","2020-06-04",0.33389124,0.19998927,0,1063,42748,28.940001,2175533,108.27,1104,47,0,17,8,130963,5439,0.318962250199032,0.22978602
"141","2020-06-05",0.30808946,0.22902201,1466,751.66669,42814,28.68,2138987,109.86,1198,63,0,15,11,131226,5061,0.279840513173429,0.2401423
"142","2020-06-06",0.043598402,0.30549678,7694,1734,42814,28.68,2138987,109.86,1011,52,0,17,15,133719,4215,0.295515385091958,0.26693201
"143","2020-06-07",0.0065233517,0.21692455,8200.667,1331.3334,42814,28.68,2138987,109.86,851,48,0,20,15,112375,3186,0.206604582345177,0.27913392
"144","2020-06-08",0.19020647,0.17302561,6716.2002,2065.2,42883,28.91,2113038,110,1401,68,0,20,15,102476,4165,0.234457699628703,0.27523068
"145","2020-06-09",0.060849641,0.13710442,0,825.16669,42988,28.059999,2115343,108.73,1426,60,0,20,13,125059,5215,0.236757524393068,0.25410455
"146","2020-06-10",0.1760534,0.075294465,11449.571,1786.4286,43041,28.57,2127641,108.07,1652,69,0,23,14,135106,5475,0.21612021466465,0.2433338
"147","2020-06-11",0.042172845,0.10840821,6320.2002,1061,43122,28.719999,2101009,107.49,1639,68,0,19,13,138053,5071,0.186219156500583,0.22348501
"148","2020-06-12",0.27276066,0.11732059,7433.375,1570.75,43126,28.57,2097591,106.59,1915,61,0,18,15,128727,4808,0.316392938673376,0.21838865
"149","2020-06-13",0.14535557,0.13795914,67.727272,577.09088,43126,28.57,2097591,106.59,1368,70,0,12,8,135293,4459,0.202575537764015,0.23887245
"150","2020-06-14",0.084240697,0.15908562,0,315.77777,43126,28.57,2097591,106.59,1212,52,0,17,10,132277,3647,0.354352730924848,0.23032697
"151","2020-06-15",0.26656792,0.13613245,0,296,43126,28.57,2097591,106.59,1420,60,0,13,9,119666,3837,0.157008923942974,0.2648851
"152","2020-06-17",0.37651914,0.16538806,0,595.20001,43172,29.17,2114902,104.96,2064,78,0,22,18,143754,5556,0.193447207644568,0.22661716
"153","2020-06-18",0.13578604,0.24244258,773.10529,1030,43123,28.02,2118509,107.1,2285,85,0,18,15,141074,5308,0.242437511640833,0.22433507
"154","2020-06-19",0.058757681,0.25962436,0,715.75,43178,29.1,2110301,109.53,2201,110,0,17,10,179897,6385,0.177375180563081,0.19635627
"155","2020-06-20",0.1366902,0.19035429,1776,776.08698,43178,29.1,2110301,109.53,2283,117,0,18,13,157458,4519,0.160094469189815,0.20144783
"156","2020-06-21",0.0032800885,0.17693827,17394.5,3469.5,43178,29.1,2110301,109.53,1732,80,0,17,13,127704,4597,0.175029048270855,0.19333859
"157","2020-06-22",0.058835145,0.083628505,0,872.33331,43202,28.530001,2213496,108.12,2714,110,0,13,7,139353,3739,0.280025678005808,0.18873405
"158","2020-06-23",0.11459547,0.064390779,7084.3335,1728.3334,43213,28.450001,2135566,107.67,2836,126,0,16,13,166806,5574,0.325510434512318,0.1981311
"159","2020-06-24",0.77745259,0.078350224,0,682,43217,28.950001,2142800,107.3,3081,120,0,13,11,172596,5540,0.199416988101865,0.23516491
"160","2020-06-25",0.1695734,0.23854083,3000.3333,683.66669,43197,27.139999,2140685,104.21,2986,123,0,13,5,178390,5037,0.206079592662042,0.24499553
"161","2020-06-26",0.1575131,0.28011414,3767.4167,999,43200,28.58,2171372,102.47,2987,125,0,14,7,191602,5084,0.346220677271583,0.25275818
"162","2020-06-27",0.061964959,0.30478364,1488.55,748.20001,43200,28.58,2171372,102.47,2354,98,0,15,9,178116,4790,0.205518149865941,0.26930693
"163","2020-06-28",0.082224339,0.29162601,32337,5686,43200,28.58,2171372,102.47,1923,68,0,14,6,163875,3518,0.273655927646102,0.23930885
"164","2020-06-29",0.20319618,0.11781895,5876,1540.6666,43201,28.309999,2202384,100.39,2916,116,0,12,10,155363,4027,0.162147529459448,0.25786859
"165","2020-06-30",0.25630391,0.12622464,2676.25,805,43242,27.610001,2164501,100.53,3022,153,0,13,10,174532,5207,0.273501582909747,0.24688557
"166","2020-07-01",0.16275413,0.15092234,9653,2190,43219,29.23,2359097,105.5,2939,123,0,10,7,217608,5311,0.248603190017925,0.22870579
"167","2020-07-02",0.0049512233,0.17611964,7096,1584,43203,28.26,2377474,107.24,3071,136,0,11,7,209952,5423,0.249408731004733,0.23947705
"168","2020-07-03",0.025332831,0.15680136,1126.6,824.20001,43219,28.1,2368607,105.79,3287,138,0,13,7,201375,5294,0.213875079625999,0.23341526
"169","2020-07-04",0.0069239531,0.11233553,0,925.75,43219,28.1,2368607,105.79,2470,127,0,15,9,193821,4793,0.239720546029012,0.24634714
"170","2020-07-05",0.12531638,0.049990535,2226.8333,1431,43219,28.1,2368607,105.79,2377,109,0,14,5,183982,3829,0.159727277998001,0.23790188
"171","2020-07-06",0.031855591,0.040631097,7328,786,43253,28.799999,2373767,106.7,3908,180,0,14,8,163996,4238,0.241101832710429,0.21568291
"172","2020-07-07",0.25337645,0.04735719,1437.5,1841.5,43240,29.01,2388267,108.58,4157,175,0,10,8,211369,6342,0.174559542526689,0.21360618
"173","2020-07-09",0.22348361,0.13684948,510.15384,694,43240,29.01,2388267,108.98,3320,144,0,14,7,226840,5790,0.245203846877908,0.21308836
"174","2020-07-10",0.11443958,0.16957188,3544.3333,1646.6666,43240,29.01,2388267,108.98,3480,149,0,15,9,232676,5631,0.350297769895973,0.23445751
"175","2020-07-11",0.0024536215,0.19709988,0,2904,43240,29.01,2388267,108.98,3256,174,0,14,9,216466,5212,0.194890804782975,0.26175648
"176","2020-07-12",0.17116044,0.11345894,8134,1950.8,43240,29.01,2388267,108.98,2678,132,0,14,9,192260,4375,0.188877336533562,0.2668393
"177","2020-07-14",0.23490046,0.096017882,3179.7,599.09998,43307,28.809999,2338952,110.97,4823,216,0,14,7,222203,6018,0.245721827404033,0.21255219
"178","2020-07-15",0.10697892,0.1361715,4556.2222,1480.2778,43346,26.42,2288342,112.02,4650,194,0,15,8,231438,5848,0.144004570498979,0.18640821
"179","2020-07-17",0.12772612,0.17093968,1956,1039.0909,43362,28.52,2221876,115.39,5004,209,0,16,9,242717,7044,0.0953528293647624,0.1662938
"180","2020-07-18",0.18330874,0.15653516,3732,1119.3334,43362,28.52,2221876,115.39,3629,125,0,17,14,236179,6572,0.183620544533335,0.16109629
"181","2020-07-19",0.17621635,0.13933793,0,513.45453,43362,28.52,2221876,115.39,3852,166,0,23,16,213414,4681,0.190146480411022,0.14557096
"182","2020-07-20",0.12209501,0.16241707,0,404.70001,43389,29.18,2258381,117.57,5786,232,0,25,17,207133,4028,0.167679352610901,0.15710644
"183","2020-07-21",0.026911873,0.15233655,333,404.60001,43399,27.879999,2274834,116.07,6187,265,0,16,15,233622,6399,0.132637141438048,0.1591998
"184","2020-07-22",0.12702461,0.127133,1069.4667,408.60001,43379,27.879999,2282579,114.45,6521,244,0,16,8,279883,7358,0.323600900968184,0.16852088
"185","2020-07-23",0.48858872,0.11306196,0,279,43349,28.24,2281662,111.78,6045,265,0,14,12,282859,6625,0.262601722640895,0.20351596
"186","2020-07-24",0.15776293,0.19115505,2418.8333,777.83331,43360,28.059999,2262955,114.57,6212,200,0,10,9,281070,6459,0.129702706221195,0.22162978
"187","2020-07-25",0.2211974,0.20007204,0,366.625,43360,28.059999,2262955,114.57,4568,144,0,13,6,254092,6149,0.0724468319720518,0.21213561
"188","2020-07-26",0.03162678,0.24864341,10791.25,2367.5,43360,28.059999,2262955,114.57,3778,185,0,16,9,213077,4327,0.209889274905796,0.19708805
"189","2020-07-27",0.092785493,0.22479396,867.20001,357.79999,43384,28.389999,2260822,115.67,6346,229,0,14,10,226462,5232,0.181516569065914,0.16866013
"190","2020-07-28",0.11927078,0.12584315,2786.3333,869.16669,43433,27.65,2281202,115.89,6558,214,0,13,3,252740,6722,0.289150066881181,0.14838885
"191","2020-07-29",0.17541836,0.11622011,11307,2739,43387,28.65,2291366,116.72,6629,212,0,16,9,291748,7012,0.161716583428319,0.18825069
"192","2020-07-30",0.10007507,0.10477535,1359.7059,631.70587,43340,28.74,2386046,119.54,6487,214,0,14,7,280109,6638,0.296812002841402,0.21056813
"193","2020-07-31",0.079043783,0.12188743,2019.85,731.04999,43386,26.809999,2428900,122.21,6596,231,0,18,9,290737,6579,0.356714253370519,0.23229881
"194","2020-08-01",0.071545884,0.118452,2097.5,623.25,43386,26.809999,2428900,122.21,4536,154,0,18,10,248355,6087,0.222004857110574,0.27609822
"195","2020-08-02",0.064231195,0.10652077,0,501,43386,26.809999,2428900,122.21,4638,193,0,20,16,231015,4404,0.215558735787638,0.25931191
"196","2020-08-03",0.12314819,0.078723982,256.35715,145.35715,43348,29.1,2506974,122,7663,288,0,26,15,206447,5065,0.251759376898056,0.27277246
"197","2020-08-04",0.096953951,0.084492266,4026.6667,1018.6667,43409,29.690001,2497358,116.28,9160,298,0,26,18,257915,6992,0.170516912783401,0.2615093
"198","2020-08-05",0.082910314,0.088969804,1196.5909,757.31818,43374,28.799999,2454570,117.17,8182,307,0,27,18,276584,7488,0.0950916361207076,0.21495996
"199","2020-08-06",0.17943777,0.091810912,1201.3334,1748,43344,30.040001,2400520,121.68,8787,304,0,17,13,285194,6897,0.212765226328091,0.18323167
"200","2020-08-07",0.062299419,0.12061255,0,180.35715,43303,29.33,2344231,124.65,7734,222,0,12,5,282245,6691,0.246459966538011,0.18253329
"201","2020-08-08",0.071093291,0.10540036,0,300.33334,43303,29.33,2344231,124.65,4906,148,0,18,13,258533,6076,0.27398183405971,0.18120843
"202","2020-08-10",0.13195646,0.10427683,5219.2002,1263.6,43332,29.860001,2389351,125.84,7767,234,0,19,13,226011,5729,0.21601147203558,0.22288442
"203","2020-08-11",0.080851518,0.088449724,2434,1004.25,43302,30.08,2348870,124.53,7939,272,0,14,6,257572,6609,0.352783602999593,0.22369598
"204","2020-08-12",0.12759635,0.094633758,4863,1037.5714,43253,29.709999,2365960,125.73,7580,246,0,14,4,276638,6940,0.222601791846733,0.25027689
"205","2020-08-13",0.16668065,0.11346811,2438.4285,892.85712,43207,29.139999,2304144,125.3,7327,264,0,17,10,289218,6835,0.194829744667818,0.23743187
"206","2020-08-14",0.46027872,0.12677124,3460,1105,43122,29.639999,2271473,124.22,7674,257,0,21,10,303744,6664,0.250736948779228,0.24655665
"207","2020-08-15",0.19388352,0.20885181,0,532.66669,43122,29.639999,2271473,124.22,5521,182,0,15,10,247738,6005,0.292822354210898,0.25523803
"208","2020-08-16",0.088967711,0.23710981,1456.8572,288.85715,43122,29.639999,2271473,124.22,4565,188,0,15,7,214490,4630,0.199119802855638,0.24024771
"209","2020-08-17",0.12414727,0.22745265,988.36365,592.09088,43122,29.639999,2271473,124.22,5382,206,0,21,13,207708,4524,0.299100411725271,0.23437721
"210","2020-08-18",0.0016371211,0.2168193,0,272.33334,43160,29.02,2284875,125.69,8216,315,0,19,13,258255,7217,0.160328333761525,0.26044488
"211","2020-08-19",0.03970525,0.1021589,1252.6666,666.66669,43115,29.93,2269508,127.61,8917,310,0,11,7,279551,7122,0.293688233646511,0.23784272
"212","2020-08-20",0.034553628,0.063614339,3095.5,911.5,43092,29.790001,2280254,129.42,8462,321,0,12,7,272555,6412,0.173083755084959,0.23805919
"213","2020-08-21",0.2640363,0.050010815,33840.199,7484.2002,43048,29.02,2259074,129.52,8646,266,0,16,7,261219,5743,0.199233927683241,0.23155019
"214","2020-08-23",0.13209428,0.11276506,0,265.20001,43048,29.02,2259074,129.52,4753,180,0,19,11,206164,4260,0.306569262061395,0.20891483
"215","2020-08-24",0.035195298,0.14356141,2170.9375,874.8125,43047,28.75,2264148,130.33,10244,369,0,22,13,225228,4822,0.127939760204867,0.21213509
"216","2020-08-25",0.26638687,0.14377528,0,1501.5,42983,28.879999,2278112,127.69,10305,332,0,20,17,243995,6646,0.214265076033112,0.20084909
"217","2020-08-26",0.023082346,0.14455882,5862,1212.6666,42962,29.65,2266143,125.16,11399,371,0,22,17,283799,6561,0.174356865666193,0.20460688
"218","2020-08-27",0.0025726503,0.1141897,7641,1710,42896,27.540001,2280186,122.29,11305,359,0,19,13,283908,6217,0.162820959306114,0.20578274
"219","2020-08-28",0.18276936,0.08180929,932,584.5,42914,29.360001,2324757,121.73,11141,343,0,17,14,283611,5864,0.31559979719694,0.16984567
"220","2020-08-29",0.10640943,0.11870281,4459,1584.5,42914,29.360001,2324757,121.73,8117,226,0,21,12,263816,5610,0.300310883769801,0.21676068
"221","2020-08-30",0.071964197,0.078708448,0,642.34613,42914,29.360001,2324757,121.73,6149,224,0,15,9,220988,4335,0.405750479291814,0.23827213
"222","2020-08-31",0.10118249,0.090928912,5445.75,1709.375,42842,28.780001,2287225,121.57,11551,394,0,15,9,262865,4380,0.253395255005302,0.29612052
"223","2020-09-01",0.21375251,0.11558137,158.88235,394.23529,42700,28.549999,2359206,117.64,11485,382,0,12,8,264907,6670,0.307877742484218,0.31876409
"224","2020-09-02",0.084462725,0.12332716,6576,2135,42640,29.02,2411436,119.72,11166,360,0,10,2,283508,6361,0.146637379292099,0.31683359
"225","2020-09-03",0.03511655,0.11784048,1658.3334,791.38892,42613,29.940001,2384708,119.51,11401,342,0,13,8,281460,6084,0.280563670033423,0.2784152
"226","2020-09-04",0.21536042,0.10862857,4226.25,1159,42617,29.209999,2384669,120,11580,346,0,19,9,314005,5889,0.188941918948036,0.24711852
"227","2020-09-05",0.039893996,0.13717306,4373,976,42617,29.209999,2384669,120,8500,256,0,18,13,270061,5157,0.175075179033588,0.23100518
"228","2020-09-06",0.00044470583,0.093708426,5953,2107,42617,29.209999,2384669,120,6313,201,0,16,11,230514,4074,0.255253969825406,0.19780454
"229","2020-09-08",0.17799582,0.08523304,2503.5833,878.5,42638,29.77,2301723,116.41,12918,382,0,16,12,242032,5105,0.260025747238834,0.21553403
"230","2020-09-09",0.25893515,0.072778173,9218.8887,2581.7778,42570,30.190001,2286756,119.67,12467,365,0,21,14,284814,6278,0.143246273590938,0.23330498
"231","2020-09-10",0.037460379,0.14579189,1649.1818,1623.0909,42549,28.440001,2276743,123.41,12740,400,0,22,15,299859,6014,0.194218812815852,0.22534776
"232","2020-09-11",0.043464519,0.15813045,2586.9167,965.83331,42452,29.52,2281287,125.17,12460,345,0,21,15,321361,6046,0.169055948972166,0.21008897
"233","2020-09-12",0.047288857,0.12946397,1378.6666,1299.1666,42452,29.52,2281287,125.17,8339,288,0,21,13,286617,5049,0.212041327468948,0.1916367
"234","2020-09-13",0.31861264,0.096787229,7202,2821,42452,29.52,2281287,125.17,6864,192,0,22,13,242740,3950,0.195830644220544,0.17964059
"235","2020-09-14",0.14550501,0.1117066,1603.25,614.75,42501,30.41,2336090,123.21,12133,386,0,22,12,263747,4536,0.116604592670192,0.19278668
"236","2020-09-15",0.4700799,0.13871776,1506.25,443.75,42495,29.41,2287039,122.06,12018,343,0,19,10,285447,6611,0.174222726750452,0.17338313
"237","2020-09-16",0.22418313,0.2453716,6746.3335,1957.3334,42521,29.799999,2288070,127.61,12330,339,0,22,13,304547,5948,0.282321099443641,0.17467482
"238","2020-09-17",0.10592034,0.28959516,12523,3045.5,42473,29.959999,2314381,126.33,11992,357,0,24,15,314879,5602,0.249772004509353,0.19224477
"239","2020-09-18",0.081607386,0.23642209,3256.1428,775.28571,42428,29.290001,2280774,129.72,12059,392,0,24,16,325919,5824,0.261550071878162,0.20573011
"240","2020-09-19",0.10910344,0.22044769,1228.4,580.59998,42428,29.290001,2280774,129.72,8273,258,0,16,7,292162,5392,0.233863897158858,0.24196647
"241","2020-09-20",0.11831287,0.13020357,2028,835.85712,42428,29.290001,2280774,129.72,6200,210,0,20,10,252146,3936,0.306338403862426,0.25687677
"242","2020-09-21",0.19104049,0.10373601,3376.6667,761.88892,42248,30.16,2346077,130.98,10932,350,0,24,11,275992,4341,0.386452376815072,0.2628811
"243","2020-09-22",0.065330215,0.12501605,0,601,42226,29,2311979,134.39,13010,407,0,20,10,284518,6206,0.176981383241176,0.29705119
"244","2020-09-23",0.077762872,0.12094675,1349.1428,431.57144,42177,29.49,2278055,134.69,13517,382,0,24,13,276099,5643,0.214413265344104,0.27590901
"245","2020-09-24",0.035431169,0.11311161,1407.6154,751.9231,42118,30.01,2297638,130.87,13222,380,0,22,14,353029,6576,0.239540431326964,0.27104637
"246","2020-09-25",0.17274001,0.092391185,0,337.84616,41970,28.940001,2254072,135.28999,14015,385,0,22,16,330883,5949,0.343645562754286,0.25434688
"247","2020-09-26",0.16246134,0.087816067,0,383.39999,41970,28.940001,2254072,135.28999,9273,283,0,19,16,288463,5564,0.267349357632792,0.24364516
"248","2020-09-27",0.14602329,0.11209885,0,674,41970,28.940001,2254072,135.28999,7413,213,0,15,7,251411,3812,0.207478624838262,0.26623714
"249","2020-09-28",0.17384179,0.12916395,23702.25,4362,41874,29.639999,2313631,137.31,14840,433,0,22,12,254839,4021,0.136100224339581,0.26450351
"250","2020-09-29",0.20815262,0.16376661,2086.7,729.90002,41751,27.709999,2295292,138.8,13941,410,0,23,13,282558,6040,0.247463593236329,0.23864344
"251","2020-09-30",0.00002514778,0.17261976,27853,3403,41379,29.15,2393695,138.78999,14295,390,0,28,18,326219,6565,0.11806552706168,0.21459796
"252","2020-10-01",0.18118162,0.13201071,1648,618,41369,29.559999,2588971,139.03999,14187,375,0,19,16,318300,8808,0.251995005133767,0.177277
"253","2020-10-02",0.22088367,0.1408003,5084.5,1296,41252,28.139999,2404536,138.14999,14013,394,0,17,11,297854,5048,0.242851750188469,0.18840608
"254","2020-10-03",0.17383534,0.15256077,830.94116,518,41252,28.139999,2404536,138.14999,8510,252,0,13,7,332086,5451,0.233392388350714,0.21509397
"255","2020-10-05",0.32719132,0.19196688,1228.25,636.75,41172,29.35,2435624,140.78999,14351,424,0,16,11,300950,6996,0.24056188209222,0.2304516
"256","2020-10-06",0.24614936,0.24063678,3356,881.79999,41129,28.809999,2452874,140.16,15332,400,0,22,11,326552,5852,0.121285379256975,0.22759332
"257","2020-10-07",0.39442319,0.24905868,0,324,41132,28.66,2384162,138.97,14591,368,0,27,14,350991,5930,0.124944735478088,0.19720173
"258","2020-10-08",0.27146187,0.32258797,3967.3333,955.66669,41092,30.18,2355836,140.94,16970,460,0,25,17,361333,6364,0.235484953569808,0.17008981
"259","2020-10-09",0.20477903,0.30980644,1644,755.5,41026,29.469999,2301193,143.42,14439,340,0,23,16,360900,6209,0.252697116407526,0.18056923
"260","2020-10-10",0.0017240988,0.27920336,9322.5,2250.5,41026,29.469999,2301193,143.42,10987,304,0,26,17,357136,4917,0.41022969213901,0.18360305
"261","2020-10-11",0.10673159,0.21809705,3071.7778,794.44446,41026,29.469999,2301193,143.42,9107,254,0,20,14,286952,4104,0.206000172063767,0.25583914
"262","2020-10-12",0.083596654,0.14617415,3753.3333,1807.7333,41026,29.469999,2301193,143.42,9797,237,0,24,12,291698,4068,0.07757696372114,0.27610299
"263","2020-10-13",0.067829125,0.099207841,2823.6001,932.79999,40837,28.860001,2340564,144.95,16515,474,0,28,17,319242,5373,0.146643338346395,0.23662598
"264","2020-10-14",0.10984914,0.064970367,276.54999,627.25,40847,30.049999,2302943,150.28,16826,441,0,28,16,382347,6220,0.145984474338207,0.21011254
"265","2020-10-15",0.29310647,0.092001624,1669.8334,738.66669,40777,30.370001,2310573,154.97,16883,404,0,25,16,406976,6096,0.138164340895666,0.14405124
"266","2020-10-16",0.2999464,0.13859534,522.81818,393.45456,40785,30.059999,2285442,152.07001,16963,345,0,26,17,411772,6318,0.215353477255534,0.12709227
"267","2020-10-17",0.18070066,0.19268279,7681.625,2415.375,40785,30.059999,2285442,152.07001,11333,311,0,29,18,372680,5675,0.268892621379036,0.16153641
"268","2020-10-18",0.00080409739,0.22090067,3893.6667,1046,40785,30.059999,2285442,152.07001,7215,172,0,33,21,316590,3615,0.191413057303603,0.19209872
"269","2020-10-19",0.15160993,0.19363941,10473.3,2495.8,40794,31.5,2294029,153.39999,16636,411,0,29,22,387175,4900,0.141142534052956,0.20345588
"270","2020-10-20",0.056491543,0.15826528,12209.5,1829,40812,30.32,2263791,160.92,16631,415,0,14,5,388987,6634,0.23874162072233,0.20420042
"271","2020-10-21",0.20471184,0.097401559,5793.8335,1341.8334,40800,31.57,2263836,162.66,15951,361,0,16,11,444908,6711,0.286590942735308,0.21004745
"272","2020-10-22",0.14881127,0.10340435,5734.7998,1690.4,40668,30.530001,2255762,163.09,15182,315,0,16,10,472729,5954,0.230611552595763,0.21447204
"273","2020-10-23",0.12000842,0.14040615,980.375,387.75,40498,31.16,2279626,155.17,14765,323,0,24,17,496782,7082,0.211123597302512,0.22427166
"274","2020-10-24",0.22563252,0.13250577,0,192,40498,31.16,2279626,155.17,11135,225,0,26,18,456822,5883,0.345622605591897,0.24176693
"275","2020-10-26",0.076794319,0.16481741,5622.5,1054.5,40239,31.16,2314316,157.21001,13772,389,0,24,15,486318,5610,0.220542812768798,0.26040947
"276","2020-10-27",0.1240835,0.14081176,4017.6924,965.76923,40140,29.700001,2239999,152.98,14251,295,0,26,17,470228,7447,0.26923338779374,0.25789228
"277","2020-10-28",0.015741507,0.14217012,797,309.88889,39866,30.98,2271986,144.85001,14259,281,0,21,4,511894,7211,0.108406499627639,0.27241972
"278","2020-10-29",0.28005037,0.072206445,1821.25,633.75,39826,31,2246622,144.03999,12676,253,0,20,12,550382,7147,0.114465927184714,0.21311569
"279","2020-10-30",0.12384139,0.12416743,2748.4285,730.57141,39856,30.51,2225061,143.23,12538,279,0,22,11,571079,7656,0.2444161012057,0.17816216
"280","2020-10-31",0.018654604,0.1359292,670.59998,278.60001,39856,30.51,2225061,143.23,7791,185,0,25,16,476824,6654,0.11538266572901,0.18413047
"281","2020-11-01",0.14281625,0.10957196,3426.5,370.5,39856,30.51,2225061,143.23,5700,127,0,27,18,462436,5039,0.164800685371746,0.14566779
"282","2020-11-02",0.26083186,0.14134066,0,542,39875,30.34,2340064,139.23,11690,277,0,25,17,563030,6219,0.429862128279842,0.15976635
"283","2020-11-03",0.075052679,0.13653603,6127.4165,1035.0834,39882,31.190001,2338313,140.17999,11349,279,0,25,17,553827,9451,0.436589954898922,0.23861539
"284","2020-11-04",0.35276964,0.12433885,2537,715.5,39819,31.030001,2338550,139.75,10150,215,0,23,15,511485,10155,0.144257286525752,0.28665885
"285","2020-11-05",0.044286471,0.20786761,0,486.20001,39524,30.780001,2360225,141.88,12996,296,0,26,14,596571,8082,0.0943214481842949,0.29387751
"286","2020-11-06",0.18265449,0.18323517,3882.6667,820.16669,39524,30.780001,2360225,141.58,12665,272,0,25,17,644882,9754,0.309742886026791,0.27625769
"287","2020-11-07",0.087867409,0.16369082,40410.5,3894,39524,30.780001,2360225,141.58,6637,176,0,26,19,596952,7655,0.349301356171051,0.24622789
"288","2020-11-08",0.25566363,0.1668945,9917.25,1436,39524,30.780001,2360225,141.58,4750,124,0,27,19,484072,5928,0.127114795558608,0.22440575
"289","2020-11-09",0.12610157,0.142618,2946.5557,1905.4445,39316,30.57,2449160,141.98,10962,243,0,24,18,501393,7270,0.284489816618126,0.22012012
"290","2020-11-10",0.19388075,0.16307178,2472,438.5,39322,31.370001,2421672,141.42999,11428,273,0,26,18,559385,10040,0.188582577207619,0.26766223
"291","2020-11-11",0.51121724,0.16587834,0,340,39259,29.790001,2376501,145.53999,12074,252,0,27,19,648730,10506,0.26406213387966,0.23737213
"292","2020-11-12",0.10062815,0.27171579,2316.8,887.66669,39191,30.450001,2423619,141.5,11629,189,0,27,18,649454,9822,0.101740151970915,0.21606234
"293","2020-11-13",0.13832635,0.23295693,0,383.79999,39101,34.139999,2346526,141.23,10310,217,0,29,18,652082,9646,0.257241360749341,0.20971867
"294","2020-11-14",0.00073677453,0.23601311,0,866,39101,34.139999,2346526,141.23,6020,136,0,28,20,595135,9166,0.163736665735188,0.20290655
"295","2020-11-15",0.30391434,0.18772712,5239,1099.3334,39101,34.139999,2346526,141.23,4154,107,0,27,17,474073,6458,0.307757886535237,0.19669507
"296","2020-11-16",0.09910997,0.13590141,1729,510,39115,34.23,2366821,142.82001,10219,221,0,28,18,534136,7973,0.342477889978259,0.20761901
"297","2020-11-17",0.12485024,0.13552186,8579.4541,1826.0909,39116,32.59,2357825,144.10001,10149,196,0,30,18,611256,11122,0.208522219065879,0.26780346
"298","2020-11-18",0.11388201,0.13215283,0,236,39069,32.73,2357935,145.95,9660,203,0,25,20,627177,11471,0.331121709233601,0.25562367
"299","2020-11-19",0.11604013,0.16043913,5308,487,38939,33.84,2300776,146.53,9760,177,0,25,18,653547,11129,0.278387370979135,0.29746991
"300","2020-11-20",0.027365878,0.11347058,569.78949,200.63158,38945,33.939999,2298696,147.17,9190,156,0,26,17,668780,11839,0.244205150105315,0.29012731
"301","2020-11-21",0.1340757,0.095534563,2931.1428,527.42859,38945,33.939999,2298696,147.17,4971,105,0,28,19,587726,8974,0.328554458563694,0.26555911
"302","2020-11-22",0.16214977,0.097840928,0,131,38945,33.939999,2298696,147.17,3051,70,0,32,19,488144,7303,0.100243929635304,0.29556718
"303","2020-11-23",0.01514701,0.10990787,0,203.76923,38945,33.939999,2298696,147.17,4662,115,0,34,20,524959,8565,0.345145764450408,0.23784773
"304","2020-11-24",0.085190639,0.084684588,1206.75,472.25,38731,33.009998,2317419,147.88,9051,198,0,30,23,590291,12718,0.0753292561012452,0.25453731
"305","2020-11-25",0.23739973,0.099140778,34258,4904,38746,33.84,2298324,146.67999,8721,134,0,33,22,636340,12186,0.0960663142794791,0.21231835
"306","2020-11-26",0.13591231,0.12497178,3376.6191,746.42859,38747,32.209999,2309235,146.59,8075,158,0,29,22,582679,10982,0.143722226042549,0.15419632
"307","2020-11-27",0.19707726,0.11841242,8632,1027.6666,38705,33.630001,2335991,145.45,7478,149,0,33,19,686893,11390,0.284985981926319,0.16506588
"308","2020-11-28",0.011805302,0.16389498,0,429.5,38705,33.630001,2335991,145.45,4990,103,0,35,22,586159,9279,0.295781126180392,0.15002595
"309","2020-11-29",0.046851497,0.14554866,853.71429,444.28571,38705,33.630001,2335991,145.45,4385,63,0,35,25,488677,7211,0.344085319677485,0.20513891
"310","2020-11-30",0.084057294,0.097911596,792.79999,237.60001,38652,33.240002,2227275,144.55,7796,147,0,25,16,508392,8967,0.186776625310973,0.26714367
"311","2020-12-01",0.29088128,0.084947839,4134.3999,600.59998,38619,33.139999,2348085,144.7,7766,139,0,32,17,612217,12759,0.233629033433402,0.27790725
"312","2020-12-02",0.14945875,0.10839884,470.25,939.875,38622,33.209999,2381678,144.36,7006,121,0,30,22,651735,12694,0.293242274291164,0.26506802
"313","2020-12-03",0.18653461,0.14281221,5383.6001,673.40002,38652,33.830002,2373349,139.74001,7415,163,0,35,20,694136,12562,0.304602508108538,0.26443332
"314","2020-12-04",0.15636405,0.17773299,1266.25,355.75,38661,33.709999,2381734,142.05,5871,119,0,25,17,683135,12602,0.140524226945818,0.25456262
"315","2020-12-06",0.2092777,0.16411914,5019.75,615,38661,33.709999,2381734,142.05,2376,68,0,26,18,538995,7491,0.238307539596071,0.26380724
"316","2020-12-07",0.35036141,0.18405879,0,275.66666,38661,33.709999,2381734,142.05,3476,88,0,28,19,519570,8777,0.0650373847557615,0.25007355
"317","2020-12-08",0.043913644,0.23866773,19377,1821,38661,33.709999,2381734,142.05,3210,70,0,30,19,643488,12391,0.143834581979233,0.19018228
"318","2020-12-09",0.061892811,0.20118426,3990,519.625,38710,33.130001,2499287,139.49001,6898,171,0,37,21,670020,12676,0.325733999489828,0.19100988
"319","2020-12-10",0.1343255,0.16636139,2989.5625,581,38744,34.34,2498015,138.22,7219,148,0,37,24,674901,12699,0.13595088344118,0.19322838
"320","2020-12-11",0.015983529,0.14762335,8130,900,38750,31.49,2453191,138.22,6855,151,0,27,21,704609,13122,0.268357775579285,0.16763921
"321","2020-12-13",0.00004852848,0.07073395,9406,1471,38750,31.49,2453191,138.22,3202,68,0,24,17,531106,7586,0.157064271884332,0.22803965
"322","2020-12-14",0.15424104,0.050119188,1151,323,38761,34.09,2399648,140.28999,7215,174,0,33,19,524880,9148,0.254877634192332,0.18587223
"323","2020-12-15",0.3018297,0.0567577,3527.5,689.5,38777,32.5,2357286,141.82001,7509,137,0,25,20,636192,13999,0.227191543854615,0.21560392
"324","2020-12-16",0.13775052,0.15203975,5609.5,981.5,38794,34.43,2345703,141.25999,7196,123,0,38,19,733670,13765,0.27290662461353,0.20531236
"325","2020-12-17",0.0089393454,0.14846745,0,515,38828,33.27,2400649,140.78999,7393,147,0,38,22,739757,13454,0.185352234855306,0.22801001
"326","2020-12-18",0.87204742,0.15069015,0,243,38835,33.529999,2433294,140.73,7264,135,0,35,24,720325,12918,0.335757913832162,0.23508202
"327","2020-12-19",0.040683411,0.33014175,889.70001,424.89999,38835,33.529999,2433294,140.73,4750,99,0,31,21,611449,10896,0.236293645842007,0.25530207
"328","2020-12-20",0.66636366,0.26485518,270,14,38835,33.529999,2433294,140.73,3454,62,0,27,16,533669,7880,0.214984326517579,0.2575776
"329","2020-12-21",0.071601532,0.39700845,1347.2,518,38899,34.110001,2443707,138.81,8941,185,0,30,20,548951,9704,0.282425459731771,0.24309704
"330","2020-12-22",0.50881314,0.41267401,1308,338,39009,34.049999,2478663,140.03999,8872,156,0,36,21,650357,14375,0.180881624511683,0.26736534
"331","2020-12-23",0.13433205,0.32186544,1017.125,375.625,39216,32.610001,2402795,140.35001,8417,133,0,37,23,695128,13898,0.234649603387385,0.22864626
"332","2020-12-24",0.37902334,0.34527761,5585,1304.1666,39216,32.610001,2402795,140.35001,5339,77,0,34,23,666591,11748,0.44078320674006,0.22823526
"333","2020-12-25",0.15094221,0.27344251,2639.5,485.5,39216,32.610001,2402795,140.35001,2297,51,0,34,23,465784,8626,0.250603479289387,0.28468499
"334","2020-12-27",0.024730787,0.22143254,18293,3650,39216,32.610001,2402795,140.35001,4558,85,0,33,23,438663,7549,0.109495437385494,0.28616646
"335","2020-12-28",0.031793904,0.18489878,465.85715,312.42856,39236,33.169998,2545437,140,12058,234,0,33,24,495841,9790,0.107344858341405,0.25487792
"336","2020-12-29",0.067144908,0.069155633,0,300.25,39281,34.009998,2581644,140.03999,12472,185,20436,36,25,664584,15258,0.182100121931395,0.17151834
"337","2020-12-30",0.12429276,0.041223198,203650,37087,39387,32.689999,2470260,139.99001,12327,204,20036,31,22,761247,15336,0.148041901662085,0.1543925
"338","2021-01-01",0.0000015829692,0.074410528,8717.5,2789,39387,32.689999,2470260,139.99001,3363,66,121,36,24,533306,9831,0.139997493639249,0.18493964
"339","2021-01-02",0.12958029,0.063813083,0,1140.5,39387,32.689999,2470260,139.99001,7063,144,3285,35,23,626511,8583,0.146706959746858,0.19310279
"340","2021-01-03",0.1579475,0.084624879,628.59998,398.39999,39387,32.689999,2470260,139.99001,5347,120,441,34,23,532903,7453,0.266304615889865,0.1842545
"341","2021-01-04",0.031351298,0.095843121,1395,574,39501,34.130001,2626749,142.32001,13860,252,10402,37,24,553841,10261,0.150392955427202,0.21382017
"342","2021-01-05",0.00010950717,0.079720169,0,384,39540,32.380001,2619285,143.55,14256,240,10711,33,24,740053,15543,0.0652729096537612,0.17585051
"343","2021-01-06",0.023227954,0.079747148,27199,3932,39546,32.619999,2659023,144.39,13654,225,10093,30,20,783565,15119,0.317189519067528,0.15716936
"344","2021-01-08",0.27341118,0.018229587,0,1164.2,39462,34.049999,2573812,145.06,13054,199,27826,34,25,803264,15256,0.338843447338989,0.20731036
"345","2021-01-09",0.021833109,0.098916218,2024.3334,429,39462,34.049999,2573812,145.06,8301,104,10182,32,22,761266,13016,0.203795557387747,0.25442299
"346","2021-01-10",0.25224128,0.10615741,1930.5,358,39462,34.049999,2573812,145.06,6040,107,1156,35,24,589301,8571,0.267705993856202,0.28905365
"347","2021-01-11",0.71058768,0.18249519,11309,1816,39605,34.389999,2594939,145.8,13461,243,19759,32,24,619600,10353,0.136543509489926,0.27668276
"348","2021-01-12",0.63867468,0.3145183,0,568,39708,34.150002,2600714,144.98,13106,217,19346,29,18,705555,17301,0.275533780579234,0.23672213
"349","2021-01-13",0.14486405,0.4058342,5456,1178,39765,33.82,2658564,144.72,12713,204,16715,31,19,748327,16867,0.207731961905963,0.22089471
"350","2021-01-14",0.20280656,0.43659192,8441.5,1837.5,39791,31.67,2631199,145.42,12188,221,16605,31,20,755287,15689,0.290838555125856,0.22187881
"351","2021-01-16",0.028792839,0.32878175,0,221,39791,31.67,2631199,145.39,8059,113,5854,31,23,639322,13586,0.185356771562248,0.27927145
"352","2021-01-17",0.24926503,0.12548782,109.5,40,39791,31.67,2631199,145.39,5348,82,1029,30,21,529361,8901,0.311075477747867,0.25672722
"353","2021-01-18",0.34946081,0.16028814,0,138,39812,33.779999,2565029,145.36,12285,217,9803,33,23,515248,9748,0.17161557546199,0.28256309
"354","2021-01-19",0.4387607,0.20917289,2520.6667,509.66666,39779,34.209999,2570533,145.48,12288,219,13185,38,23,607936,16965,0.205125653565269,0.25275734
"355","2021-01-20",0.091181725,0.26656985,2153.5,408,39741,33.040001,2602345,145.72,11838,166,19335,36,25,692962,18051,0.459851156702269,0.21829337
"356","2021-01-21",0.19611008,0.28216708,9827.2002,1615,39757,34.119999,2606416,145.96001,11655,207,14020,35,25,656361,17181,0.367944179028048,0.28691697
"357","2021-01-22",0.31350935,0.26887834,1643.6666,433.66666,39687,33.25,2617990,145.88,11502,185,9142,34,23,659068,16230,0.429296358050627,0.30113414
"358","2021-01-23",0.021178104,0.25989047,12473,1198,39687,33.25,2617990,145.88,6868,115,3909,36,25,568270,13741,0.133297366126891,0.36555433
"359","2021-01-24",0.21180534,0.15549481,7080,689,39687,33.25,2617990,145.88,4444,75,303,38,27,445790,9134,0.114741942819676,0.34759727
"360","2021-01-25",0.18191989,0.18565072,18585,4467,39690,34.43,2622777,146.38,11272,234,14133,42,26,497048,11236,0.243288220592313,0.26131997
"361","2021-01-26",0.24363269,0.18210317,1779.2,432.60001,39627,32.099998,2600284,146.89,10527,177,12656,40,29,556324,17615,0.233471565913441,0.23015597
"362","2021-01-27",0.40395233,0.164634,1546,416.33334,39450,33.57,2563543,147.38,10011,177,10043,39,28,598377,17188,0.545480252482304,0.18119977
"363","2021-01-28",0.14805314,0.26032758,734.72223,249.83333,39482,33.349998,2592948,147.89999,8624,176,15944,33,25,614445,17145,0.281972515925889,0.28424549
"364","2021-01-29",0.24859819,0.2443895,600.875,248.375,39515,33.790001,2481310,147.88,8905,165,23361,32,21,590488,15499,0.313695406781204,0.32605314
"365","2021-01-30",0.12375262,0.26105908,4171,1527,39515,33.790001,2481310,147.88,5397,99,9257,26,19,515477,13541,0.307682185274507,0.34365493
"366","2021-02-01",0.00086047786,0.17346798,0,511,39460,34.57,2604378,148.33,9241,175,19385,26,19,446547,10684,0.350965059306907,0.31158271
"367","2021-02-02",0.23808831,0.12440376,3438,1008.8,39453,33.91,2606204,148.83,8854,162,23764,26,19,457927,15294,0.285649941389967,0.32883084
"368","2021-02-03",0.021931488,0.12090047,438.33334,717.83331,39473,32.610001,2610745,149.34,8711,126,26439,29,20,522031,16113,0.197524400421576,0.32181948
"369","2021-02-04",0.28574458,0.086960092,1393.25,363,39134,32.799999,2599444,149.84,7988,164,27766,28,19,466938,12916,0.173276917365744,0.29428002
"370","2021-02-05",0.14959632,0.13665621,609,312,39174,34.099998,2586380,149.60001,7795,142,32487,29,21,535453,17196,0.324345168907851,0.25185409
"371","2021-02-06",0.060277976,0.17384018,1026.6666,424.33334,39174,34.099998,2586380,149.60001,4522,80,10717,36,22,372314,10388,0.23643665369983,0.24519911
"372","2021-02-07",0.21825267,0.12938759,0,384,39174,34.099998,2586380,149.60001,3192,61,1346,36,26,398176,8196,0.242245971538542,0.23289579
"373","2021-02-08",0.053136311,0.17846788,427.41177,330.76471,39233,34,2634436,149.60001,7772,171,23164,25,22,316016,8989,0.110783085613425,0.24407618
"374","2021-02-09",0.073090188,0.12031582,3693.5,760.25,39270,31.950001,2588417,150,7459,126,20099,27,20,427666,16038,0.154709565811803,0.22845273
"375","2021-02-11",0.02985411,0.11482639,1924.5,404.5,39359,33.279999,2542903,148.34,6992,133,17687,29,23,441469,13721,0.254358411238826,0.1777595
"376","2021-02-12",0.29299721,0.052026868,1489.8334,348,39369,34.130001,2515279,147.64999,7426,140,15590,29,22,428721,13147,0.129221277129516,0.18078761
"377","2021-02-13",0.03021322,0.13198051,795.375,366.9375,39369,34.130001,2515279,147.64999,6602,108,2956,31,23,373398,10331,0.133036255043548,0.18539715
"378","2021-02-14",0.14994103,0.11768818,2834,512.20001,39369,34.130001,2515279,147.64999,2702,62,53,28,23,293964,6595,0.179569465402125,0.17997882
"379","2021-02-15",0.23681998,0.12575139,7678,2496,39369,34.130001,2515279,147.64999,3961,83,1275,31,22,283259,7404,0.311229491422705,0.17404635
"380","2021-02-17",0.099687144,0.13899142,0,345,39399,34.099998,2754618,143.47,8356,170,23808,29,19,395576,11894,0.203127214540063,0.18116339
"381","2021-02-18",0.15020277,0.16214938,2686.6001,664.79999,39310,34.060001,2699549,141.77,8016,137,63120,36,22,403503,11833,0.264746413150913,0.19868614
"382","2021-02-19",0.45215565,0.16223663,0,336.5,39425,32.700001,2710428,140.64999,7533,141,67376,30,22,412504,11722,0.182499056462353,0.21998037
"383","2021-02-20",0.084580638,0.23401518,0,895.5,39425,32.700001,2710428,140.64999,4539,75,32479,34,22,370538,8846,0.255469098447322,0.18779776
"384","2021-02-21",0.0061901156,0.19665655,8602.5713,1297,39425,32.700001,2710428,140.64999,3329,65,20148,35,21,314527,6387,0.126139940909374,0.22646044
"385","2021-02-22",0.45982265,0.1732823,2835,769.5,39476,34.18,2653841,138.78999,7906,154,67002,35,24,288369,7433,0.168431686239777,0.20721363
"386","2021-02-23",0.41341683,0.25068727,1899.4,545.40002,39498,32.889999,2556455,139.86,7191,133,86141,32,23,388868,11711,0.0744676480458916,0.18313494
"387","2021-02-24",0.1335326,0.24100256,868.125,858.1875,39506,33.75,2523208,140.94,7251,130,92597,35,22,444940,12425,0.270159173594262,0.1561271
"388","2021-02-25",0.12379052,0.25324056,1378.1428,671.07141,39517,31.790001,2485827,141.92,7207,121,78505,40,25,447491,10645,0.205675383820158,0.15979961
"389","2021-02-26",0.33967146,0.28264067,0,292.33334,39518,33.709999,2408886,141.92,6531,120,80534,35,25,443026,10710,0.388379350402322,0.17968348
"390","2021-02-27",0.21601319,0.25260285,8028.9229,1792.1538,39518,33.709999,2408886,141.92,4149,78,17682,31,23,389299,8630,0.293503748197949,0.23467039
"391","2021-02-28",0.071578309,0.20325194,682.25,574,39518,33.709999,2408886,141.92,2847,52,6033,31,22,303571,6123,0.118563019218093,0.28942943
"392","2021-03-01",0.098748483,0.18776338,601.69232,460.92307,39617,33.66,2512473,143.8,7424,195,73204,33,23,305734,7876,0.188936696300267,0.25153038
"393","2021-03-02",0.07277374,0.18150286,150.32001,312.84,39654,32.84,2508545,146.13,7343,153,74602,33,25,310318,10367,0.22075454722166,0.2473457
"394","2021-03-03",0.089942656,0.11477843,2373.5,576.5,39718,34.34,2630133,146.11,7329,132,69924,31,24,441150,11750,0.101133324713048,0.20543951
"395","2021-03-04",0.17512864,0.083260797,6320.6665,658.66669,39784,33.330002,2638495,145.11,7146,123,110605,32,24,453055,10293,0.1204704222928,0.1573469
"396","2021-03-05",0.10203291,0.10914838,851.35297,443.17648,39799,33.130001,2641427,145.87,6783,116,110515,30,24,447032,10677,0.202059878973437,0.15782374
"397","2021-03-06",0.082241543,0.10996948,1821.125,575.25,39799,33.130001,2641427,145.87,4240,79,54636,34,21,410577,8098,0.0816284897262241,0.16110454
"398","2021-03-07",0.091064252,0.11233643,0,302.5,39799,33.130001,2641427,145.87,2630,42,11713,37,22,368380,5906,0.356511077277692,0.12632303
"399","2021-03-08",0.067182168,0.11261684,6808.75,1727.75,39729,34.099998,2596872,145.87,7517,157,101517,26,16,298606,7091,0.141447599087197,0.19016747
"400","2021-03-09",0.12293608,0.085630216,96.800003,332.20001,39747,34.259998,2574614,145.39,7544,169,114334,32,22,414677,10647,0.147556027654923,0.19541176
"401","2021-03-10",0.28938031,0.090856008,2706.0908,595.36365,39750,32.740002,2634796,144.42999,7774,147,161999,31,21,467067,10063,0.208471372545111,0.18178579
"402","2021-03-11",0.058419898,0.14264071,3941.7778,882.88892,39807,33.779999,2577342,144.3,8990,150,183734,36,23,476883,10221,0.319185823975712,0.21349652
"403","2021-03-12",0.29209721,0.13447961,604.13336,313.20001,39823,33.209999,2549929,144.84,7659,142,159309,33,23,489316,10127,0.241687605793566,0.20416521
"404","2021-03-13",0.12773019,0.19070837,1567.85,586.65002,39823,33.209999,2549929,144.84,4689,90,45808,34,21,454213,8428,0.285317538033636,0.2292252
"405","2021-03-14",0.10626888,0.1919069,0,626,39823,33.209999,2549929,144.84,3412,73,9099,35,23,360446,5967,0.326123919963819,0.26366559
"406","2021-03-15",0.083381556,0.14612904,673.28571,596.42859,39865,34.200001,2543815,144.59,8167,190,134678,35,24,348781,7457,0.122552773062095,0.29307872
"407","2021-03-16",0.18341812,0.15236945,365.5,443.75,39881,34.450001,2459756,144.60001,8250,142,131274,23,20,473049,10562,0.129060815141453,0.24392046
"408","2021-03-17",0.08487881,0.12519969,1349,492.5,39834,30.98,2443498,145.28,8704,164,137182,23,17,539428,10315,0.168858887040397,0.21576376
"409","2021-03-19",0.16059983,0.11722616,518.25,400.08334,39728,33.779999,2454568,144,8232,145,124297,25,17,561716,11095,0.271547440753252,0.14177379
"410","2021-03-20",0.26316598,0.14296558,498.73334,608.06665,39728,33.779999,2454568,144,5713,87,50254,20,13,498942,8709,0.265935024051228,0.17902245
"411","2021-03-21",0.19524433,0.16954821,0,282.5,39728,33.779999,2454568,144,3242,69,19444,29,18,423387,5863,0.250645207677831,0.213241
"412","2021-03-22",0.14047375,0.20633671,1290.8572,366.85715,39651,34.310001,2466375,143.14999,10096,178,81422,27,19,416661,8037,0.123484525490825,0.23368758
"413","2021-03-23",0.14541192,0.18987097,893.0625,377.9375,39679,33.869999,2447033,142.78,10555,211,103656,30,20,514310,11506,0.0591583541537537,0.22790305
"414","2021-03-24",0.086906724,0.18607399,1541.5264,536.78949,39679,33.869999,2447033,142.78,6631,131,36792,29,21,633575,10425,0.181387939916735,0.17480578
"415","2021-03-25",0.068556972,0.14200918,0,432.5,39610,34.080002,2494198,141.19,12492,218,101020,23,22,651434,11688,0.243173199110166,0.153669
"416","2021-03-26",0.047170904,0.11033735,758.25,332,39539,32.549999,2461103,138.45,13525,201,91762,24,21,641400,12894,0.233597613449783,0.15180101
"417","2021-03-27",0.11433864,0.087011628,0,1433.75,39539,32.549999,2461103,138.45,8770,160,54267,26,21,584740,10129,0.154409162607968,0.17932928
"418","2021-03-28",0.069744304,0.07924331,0,287.96155,39539,32.549999,2461103,138.45,5940,102,20239,24,17,470081,7239,0.179783375745915,0.20314197
"419","2021-03-29",0.062551342,0.074952707,1817.5,513.75,39471,33.07,2501939,138.48,14581,271,116996,22,17,458258,8466,0.123860724633049,0.20274083
"420","2021-03-31",0.23958473,0.082211427,1326,366.11111,39593,33.130001,2432295,142.19,16254,239,171050,22,16,682935,12860,0.183750734413872,0.1596
"421","2021-04-01",0.082896575,0.12396012,0,312.875,39593,33.130001,2432295,142.19,12669,225,115728,23,16,711857,12410,0.240751007664193,0.1669354
"422","2021-04-02",0.39347082,0.12834421,5312.5,1276.6666,39593,33.130001,2432295,142.19,10455,148,67567,24,18,633794,10681,0.240132806998595,0.18217731
"423","2021-04-03",0.091112085,0.23865071,6788.9165,1134.7916,39593,33.130001,2432295,142.19,12502,249,73708,25,17,529634,9131,0.233044408476067,0.21124533
"424","2021-04-04",0.07217928,0.20176606,1418.25,980.5,39593,33.130001,2432295,142.19,8465,170,47599,26,18,552957,7381,0.357998036812375,0.22441974
"425","2021-04-05",0.24710363,0.15991469,8518.667,1463.3334,39645,33.900002,2862387,141.81,21084,414,162297,28,19,489304,7727,0.20235485683019,0.26798156
"426","2021-04-06",0.12172887,0.20096645,6052.7998,1059.2,39709,33.709999,2801453,143.66,24762,417,190800,28,20,604233,12622,0.246134461639184,0.25838253
"427","2021-04-07",0.52241886,0.13303097,6397,1479.3334,39751,32.849998,2795604,143.77,23073,391,234141,29,20,684313,15337,0.0874610361921274,0.25988293
"428","2021-04-08",0.19342755,0.24085766,1032.1765,411.52942,39801,34.380001,2640843,144.66,25644,381,231765,30,22,839854,14831,0.184068342961755,0.22348709
"429","2021-04-09",0.021897092,0.27116972,0,636,39850,33.84,2530229,144.38,23267,348,235825,23,21,748060,13893,0.371507806790582,0.18000467
"430","2021-04-10",0.0064968728,0.2148681,8322,1659,39850,33.84,2530229,144.38,17346,299,91529,22,15,664668,12867,0.278347013630544,0.22229291
"431","2021-04-11",0.06468647,0.18606009,3549.8572,767.14288,39850,33.84,2530229,144.38,12992,239,47214,21,14,690867,9378,0.0857539997144498,0.23034605
"432","2021-04-12",0.085398436,0.071626998,12975.333,1810,39922,33.400002,2585056,143.25999,24064,492,177157,25,17,616488,9885,0.0786756915576204,0.22991928
"433","2021-04-13",0.15088446,0.044619717,0,9747,39998,34.110001,2570189,142.78999,26497,562,181661,27,17,779646,13834,0.255181399084885,0.20357113
"434","2021-04-14",0.19052468,0.07686656,1847.4,655.59998,40020,33.959999,2530671,143.8,24443,488,167157,24,17,817063,14119,0.223186062623829,0.17448953
"435","2021-04-15",0.053071238,0.12287351,345.21738,874.08698,40070,31.76,2511459,143.64999,26109,464,146716,28,19,816776,13673,0.0884973395973536,0.16069929
"436","2021-04-16",0.22312108,0.1199697,2073.6155,732.38464,40078,33.970001,2404354,143.71001,25199,452,120489,29,18,854915,13250,0.255147608686724,0.16138512
"437","2021-04-17",0.23400675,0.15440036,0,608.11108,40078,33.970001,2404354,143.71001,18847,334,44566,25,18,788215,12552,0.307417785941652,0.20550311
"438","2021-04-18",0.089823209,0.17518094,4306.3335,1368.1904,40078,33.970001,2404354,143.71001,13602,257,19525,25,17,685591,9060,0.289531938675313,0.2185622
"439","2021-04-19",0.17802551,0.15000556,243.53969,475.25397,40146,33.57,2493866,144.37,27234,564,87357,24,17,693612,10892,0.19543612344566,0.23514867
"440","2021-04-20",0.15160115,0.18124413,171.80769,700.46155,40187,33.77,2490132,145.94,28465,567,118522,24,17,854093,14312,0.201224783661935,0.26188338
"441","2021-04-21",0.14556314,0.16336416,459.42856,554.57141,40208,34.16,2492290,145.44,24982,491,169197,23,18,889977,14957,0.190921521096439,0.24840266
"442","2021-04-22",0.047762547,0.14125325,1326.2307,2420.8462,40220,32.41,2503100,145.5,26355,531,174487,23,18,899767,13891,0.104898202792638,0.21927859
"443","2021-04-23",0.15816543,0.13073809,737.95453,319.95456,40257,32.740002,2468922,148.36,25140,445,190720,19,9,903753,15191,0.281509798321538,0.17312016
"444","2021-04-24",0.2977955,0.12577307,7689,1242.5,40257,32.740002,2468922,148.36,16043,322,91224,22,17,821069,13289,0.281509798321538,0.17312016
"445","2021-04-25",0.36891457,0.16232166,6525,1364,40257,32.740002,2468922,148.36,12016,244,49023,18,14,722456,10427,0.201719024077535,0.19244318
"446","2021-04-26",0.2080632,0.21815951,0,329.25,40271,33.869999,2487344,150.27,24496,518,169143,22,13,682659,11652,0.209052618979806,0.19604234
"447","2021-04-27",0.38505527,0.25823468,6029.75,1079.75,40330,34.09,2482754,151.49001,24628,507,150603,24,17,844455,14964,0.292722494268536,0.23076048
"448","2021-04-28",0.69620973,0.31495714,0,297,40339,33.619999,2490201,151.8,22915,400,154204,25,16,906008,16049,0.190141957412965,0.23449804
"449","2021-04-29",0.14805155,0.41456071,1079.6666,570.33331,40357,34.029999,2406780,152.2,22833,428,152166,25,16,897658,15758,0.121845656537046,0.22340903
"450","2021-04-30",0.13537911,0.35934493,2844,725.63635,40263,32.91,2370115,152.19,20904,388,111405,24,16,879012,14013,0.175066814832793,0.20344068
"451","2021-05-01",0.13138975,0.34117392,576.45453,349.63635,40263,32.91,2370115,152.19,11455,218,19854,25,17,796759,13277,0.253797273427646,0.19494423
"452","2021-05-02",0.34132546,0.27775753,1251.5,356.25,40263,32.91,2370115,152.19,9514,198,39869,27,17,674385,10034,0.109293234933312,0.18521293
"453","2021-05-03",0.52786463,0.18903646,6039.5,939,40360,34.049999,2493895,152.96001,25066,495,170180,22,16,681522,11799,0.224301784635273,0.16500075
"454","2021-05-04",0.004319245,0.28398973,0,779,40433,31.620001,2529073,153.33,23989,410,226868,16,13,807419,14077,0.344628148446695,0.19061477
"455","2021-05-05",0.063425295,0.25122479,1865.1666,815.83331,40493,33.59,2530426,153.82001,24677,446,238506,13,9,841202,14883,0.172577119106321,0.23300511
"456","2021-05-06",0.15262873,0.23423366,920.57141,460.71429,40300,33.169998,2535872,154.3,21918,387,197717,19,11,870010,14654,0.0781582831607396,0.21270007
"457","2021-05-07",0.30637348,0.18705948,7439.625,2036.25,40454,33.849998,2489384,154.39999,22678,370,198677,21,12,832406,14396,0.195548148912018,0.20491633
"458","2021-05-08",0.027054399,0.13168669,0,355.39999,40454,33.849998,2489384,154.39999,13122,225,72772,20,12,785729,13297,0.215258826419581,0.19772792
"459","2021-05-09",0.96424258,0.13737048,0,461,40454,33.849998,2489384,154.39999,9269,189,18167,20,13,641577,10206,0.229802895120921,0.16538559
"460","2021-05-10",0.17393769,0.36257479,1202.7778,367.11111,40616,34.119999,2502577,153.95,25131,510,136835,17,13,621835,11124,0.186990817745529,0.17969204
"461","2021-05-11",0.31192511,0.36790204,1039.5625,383.125,40762,32.790001,2545019,153.16,26955,432,135175,19,9,738466,14240,0.425538088599327,0.20690018
"462","2021-05-12",0.17481512,0.36928993,1519.0769,524.15387,40880,33.110001,2538706,153.21001,22479,359,190307,19,11,760060,13946,0.325373976074711,0.26439765
"463","2021-05-13",0.021483559,0.40623012,3107.5,655.75,40947,31.9,2546423,153.71001,27246,412,186109,19,10,725264,13736,0.277704097224238,0.29192644
"464","2021-05-14",0.19805852,0.17054038,1002.2,373.60001,41002,33.849998,2525604,154.17,26094,376,190069,23,12,718021,13070,0.387830212319575,0.30390173
"465","2021-05-15",0.15521212,0.17657058,2536.75,559.75,41002,33.849998,2525604,154.17,17667,197,93216,20,13,628020,12198,0.180474807680687,0.35411158
"466","2021-05-16",0.00083189888,0.13739233,0,251,41002,33.849998,2525604,154.17,16749,215,66972,21,12,548604,10054,0.161475825685529,0.29284579
"467","2021-05-17",0.074483953,0.093896523,0,233.39999,41266,34.110001,2485543,154.64999,37032,545,180499,20,13,540029,11204,0.160274330180094,0.25187123
"468","2021-05-18",0.20713948,0.10714662,853.33331,419.83334,41376,32.790001,2506456,154.64999,38522,437,191097,19,12,622521,14200,0.0801803850676484,0.22251379
"469","2021-05-19",0.20741175,0.10941686,3859,778,41483,33.98,2525089,156.49001,36237,386,160772,18,11,671618,13559,0.193652110193849,0.14560133
"470","2021-05-20",0.12955746,0.12246677,1124.3334,465.77777,41517,34.060001,2514377,157.22,35875,332,174224,16,13,628617,13054,0.341465744788959,0.14889567
"471","2021-05-21",0.058869306,0.15464815,0,246.8,41591,33.009998,2503830,158.37,36639,301,169502,15,13,626020,13008,0.151989790662188,0.19389315
"472","2021-05-22",0.12550099,0.1507445,2521.6667,648.66669,41591,33.009998,2503830,158.37,28059,203,97689,14,6,578200,11530,0.122076143997656,0.19182201
"473","2021-05-23",0.0067585451,0.13033488,0,586.66669,41591,33.009998,2503830,158.37,17131,140,44203,15,12,476535,9753,0.242246715063616,0.20229594
"474","2021-05-24",0.092429899,0.080171578,9360,2316,41591,33.009998,2503830,158.37,25704,243,85123,16,10,454543,9047,0.221133111003618,0.21444459
"475","2021-05-25",0.22542596,0.070889689,2210.1428,708.5,41591,33.009998,2503830,158.37,22700,172,61687,16,10,532181,13180,0.266868199019733,0.18436144
"476","2021-05-26",0.0046206452,0.11252885,6521,1328.75,41715,33.77,2677351,158.05,39436,312,143464,17,8,568581,12723,0.0959413213368014,0.21308105
"477","2021-05-28",0.041238956,0.10749216,0,530.04761,41888,33.799999,2635448,159.49001,35733,192,230526,20,14,500285,11969,0.237315800035072,0.18933806
"478","2021-05-29",0.11983466,0.090428516,0,462.75,41888,33.799999,2635448,159.49001,22876,90,216344,13,10,481314,10767,0.388430789365466,0.19338372
"479","2021-05-30",0.00079381879,0.055231422,0,164,41888,33.799999,2635448,159.49001,15994,84,122240,15,7,391425,8116,0.289449101912804,0.22377437
"480","2021-05-31",0.18667243,0.053955812,0,242.55556,41872,33.810001,2517197,160.23,34319,176,278238,18,10,378905,8708,0.135479962765149,0.27215132
"481","2021-06-01",0.15113483,0.087134965,753.5,439.91666,41964,33.470001,2485353,160.96001,32716,90,288629,17,12,463725,15336,0.255455014364252,0.26266891
"482","2021-06-02",0.38068545,0.11460894,0,310,42066,34.27,2664607,161.71001,30351,85,283472,15,11,485702,10887,0.30608395517305,0.26720372
"483","2021-06-03",0.18073779,0.17982164,2696,753,42122,33.740002,2635833,161.33,29283,54,322586,17,9,489117,9909,0.251285662339003,0.246617
"484","2021-06-04",0.12912647,0.22480762,640.24243,380.0303,42202,33.68,2609325,160.86,27025,49,363398,19,12,419717,10939,0.210428977686416,0.23707615
"485","2021-06-05",0.099043496,0.21042114,3913,786.59998,42202,33.68,2609325,160.86,16555,23,299300,17,14,398361,9167,0.302132351107321,0.25581339
