date_time,maxtempC,mintempC,totalSnow_cm,sunHour,uvIndex,moon_illumination,moonrise,moonset,sunrise,sunset,DewPointC,FeelsLikeC,HeatIndexC,WindChillC,WindGustKmph,cloudcover,humidity,precipMM,pressure,tempC,visibility,winddirDegree,windspeedKmph,location
2019-12-01,27,16,0.0,14.2,6,26,10:02 AM,No moonset,05:35 AM,07:53 PM,5,21,21,21,15,1,36,0.0,1019,27,10,135,13,buenos-aires
2019-12-02,27,18,0.0,14.2,6,33,11:00 AM,12:24 AM,05:35 AM,07:54 PM,8,22,22,22,15,1,43,0.0,1018,27,10,121,12,buenos-aires
2019-12-03,24,17,0.0,13.4,5,41,11:56 AM,01:00 AM,05:35 AM,07:54 PM,9,20,20,20,18,24,53,1.9,1011,24,9,240,15,buenos-aires
2019-12-04,26,17,0.0,14.2,6,48,12:52 PM,01:32 AM,05:35 AM,07:55 PM,9,21,21,21,16,20,50,0.3,1011,26,10,193,13,buenos-aires
2019-12-05,27,16,0.0,13.4,5,55,01:47 PM,02:01 AM,05:35 AM,07:56 PM,5,20,21,20,13,13,38,0.0,1013,27,10,191,11,buenos-aires
2019-12-06,31,19,0.0,14.2,7,62,02:41 PM,02:29 AM,05:35 AM,07:57 PM,3,25,25,25,20,6,25,0.0,1010,31,10,239,15,buenos-aires
2019-12-07,29,20,0.0,14.2,7,70,03:37 PM,02:57 AM,05:35 AM,07:58 PM,6,25,25,25,13,8,32,0.0,1014,29,10,83,11,buenos-aires
2019-12-08,32,18,0.0,14.2,7,77,04:33 PM,03:25 AM,05:35 AM,07:59 PM,9,25,25,25,19,13,38,0.0,1010,32,10,199,15,buenos-aires
2019-12-09,36,21,0.0,14.2,8,84,05:33 PM,03:56 AM,05:35 AM,07:59 PM,13,29,29,28,16,3,43,0.0,1009,36,10,280,13,buenos-aires
2019-12-10,38,22,0.0,14.5,8,92,06:33 PM,04:29 AM,05:35 AM,08:00 PM,11,30,30,30,23,2,32,0.0,1008,38,10,303,17,buenos-aires
2019-12-11,36,23,0.0,14.5,8,99,07:36 PM,05:08 AM,05:35 AM,08:01 PM,12,29,29,29,19,8,38,1.1,1005,36,10,258,15,buenos-aires
2019-12-12,27,20,0.0,14.5,6,100,08:37 PM,05:52 AM,05:36 AM,08:02 PM,8,24,24,23,23,4,44,5.6,1008,27,10,177,19,buenos-aires
2019-12-13,26,14,0.0,14.5,6,87,09:37 PM,06:44 AM,05:36 AM,08:02 PM,3,20,20,20,18,10,33,0.0,1015,26,10,90,15,buenos-aires
2019-12-14,32,18,0.0,14.5,7,79,10:32 PM,07:42 AM,05:36 AM,08:03 PM,9,24,24,24,20,13,42,0.0,1012,32,10,203,15,buenos-aires
2019-12-15,27,19,0.0,13.4,5,72,11:21 PM,08:46 AM,05:36 AM,08:04 PM,16,23,23,22,16,31,67,0.5,1008,27,10,131,12,buenos-aires
2019-12-16,27,18,0.0,14.5,5,65,No moonrise,09:53 AM,05:37 AM,08:04 PM,14,22,22,22,15,13,62,4.4,1009,27,10,114,12,buenos-aires
2019-12-17,31,19,0.0,14.5,7,58,12:04 AM,11:01 AM,05:37 AM,08:05 PM,14,24,24,24,15,4,56,0.0,1012,31,10,57,12,buenos-aires
2019-12-18,32,19,0.0,14.5,7,50,12:43 AM,12:08 PM,05:37 AM,08:05 PM,14,25,25,25,23,5,51,0.0,1012,32,10,102,18,buenos-aires
2019-12-19,34,20,0.0,14.5,7,43,01:18 AM,01:15 PM,05:38 AM,08:06 PM,13,27,27,26,18,15,46,0.0,1011,34,10,34,14,buenos-aires
2019-12-20,23,19,0.0,12.4,5,36,01:52 AM,02:20 PM,05:38 AM,08:06 PM,16,22,22,22,15,50,73,20.2,1010,23,8,145,12,buenos-aires
2019-12-21,24,14,0.0,13.4,5,28,02:25 AM,03:27 PM,05:39 AM,08:07 PM,10,19,20,19,18,43,59,0.0,1011,24,10,169,15,buenos-aires
2019-12-22,29,12,0.0,14.5,6,21,03:00 AM,04:33 PM,05:39 AM,08:07 PM,6,20,20,20,12,0,41,0.0,1015,29,10,130,10,buenos-aires
2019-12-23,32,17,0.0,14.5,7,14,03:37 AM,05:40 PM,05:40 AM,08:08 PM,8,25,25,25,12,4,35,0.0,1013,32,10,138,11,buenos-aires
2019-12-24,34,18,0.0,14.5,7,7,04:18 AM,06:45 PM,05:40 AM,08:08 PM,10,26,26,26,23,0,38,0.0,1006,34,10,304,18,buenos-aires
2019-12-25,20,16,0.0,12.4,4,0,05:04 AM,07:47 PM,05:41 AM,08:09 PM,11,20,21,20,22,48,56,2.1,1013,20,10,130,17,buenos-aires
2019-12-26,27,17,0.0,12.4,5,0,05:56 AM,08:44 PM,05:41 AM,08:09 PM,16,22,22,21,20,51,74,7.6,1015,27,8,86,16,buenos-aires
2019-12-27,33,21,0.0,13.4,6,0,06:50 AM,09:35 PM,05:42 AM,08:09 PM,21,29,29,26,17,35,75,22.5,1012,33,9,104,12,buenos-aires
2019-12-28,33,25,0.0,14.5,6,8,07:48 AM,10:19 PM,05:43 AM,08:10 PM,22,31,31,27,14,12,75,20.6,1010,33,8,106,8,buenos-aires
2019-12-29,35,25,0.0,14.5,7,15,08:46 AM,10:57 PM,05:43 AM,08:10 PM,22,32,32,29,22,15,67,18.0,1011,35,8,92,13,buenos-aires
2019-12-30,25,23,0.0,12.4,5,22,09:44 AM,11:31 PM,05:44 AM,08:10 PM,21,27,27,24,17,47,84,39.3,1009,25,7,113,12,buenos-aires
2019-12-31,28,22,0.0,10.2,5,26,10:40 AM,No moonset,05:45 AM,08:11 PM,20,26,26,24,14,71,81,1.5,1007,28,10,144,11,buenos-aires
2020-01-01,29,20,0.0,14.5,7,37,11:36 AM,12:02 AM,05:45 AM,08:11 PM,16,25,25,24,19,25,60,0.0,1014,29,10,115,16,buenos-aires
2020-01-02,27,21,0.0,11.3,5,44,12:30 PM,12:30 AM,05:46 AM,08:11 PM,15,25,25,23,18,52,61,0.2,1017,27,10,105,15,buenos-aires
2020-01-03,30,20,0.0,14.5,7,51,01:25 PM,12:57 AM,05:47 AM,08:11 PM,15,25,25,24,19,19,58,0.0,1019,30,10,79,15,buenos-aires
2020-01-04,32,22,0.0,14.5,7,59,02:20 PM,01:25 AM,05:48 AM,08:11 PM,15,28,28,27,14,5,50,0.0,1014,32,10,54,12,buenos-aires
2020-01-05,33,23,0.0,14.5,7,66,03:18 PM,01:54 AM,05:49 AM,08:11 PM,14,28,28,28,15,6,43,0.0,1004,33,10,91,12,buenos-aires
2020-01-06,28,19,0.0,12.4,5,73,04:17 PM,02:25 AM,05:49 AM,08:11 PM,11,24,24,24,24,39,48,3.4,1003,28,10,212,19,buenos-aires
2020-01-07,34,22,0.0,14.5,7,80,05:18 PM,03:01 AM,05:50 AM,08:11 PM,8,28,28,27,9,1,31,0.0,1008,34,10,257,8,buenos-aires
2020-01-08,37,23,0.0,14.5,8,88,06:20 PM,03:43 AM,05:51 AM,08:11 PM,7,29,29,30,17,2,24,0.0,1005,37,10,20,14,buenos-aires
2020-01-09,31,27,0.0,13.4,6,95,07:22 PM,04:31 AM,05:52 AM,08:11 PM,13,28,28,29,17,36,37,2.3,1006,31,10,162,13,buenos-aires
2020-01-10,34,23,0.0,14.5,7,100,08:20 PM,05:27 AM,05:53 AM,08:11 PM,14,29,29,29,15,22,46,0.4,1009,34,10,147,13,buenos-aires
2020-01-11,36,23,0.0,12.3,7,100,09:14 PM,06:30 AM,05:54 AM,08:11 PM,14,30,30,30,14,37,41,0.6,1010,36,10,91,12,buenos-aires
2020-01-12,33,24,0.0,14.5,7,83,10:01 PM,07:39 AM,05:55 AM,08:11 PM,11,27,27,28,21,15,38,0.0,1013,33,10,101,18,buenos-aires
2020-01-13,28,21,0.0,13.4,5,76,10:42 PM,08:48 AM,05:56 AM,08:11 PM,11,25,25,24,26,40,46,0.2,1014,28,10,98,21,buenos-aires
2020-01-14,34,25,0.0,10.2,7,69,11:20 PM,09:58 AM,05:56 AM,08:10 PM,16,31,31,29,21,53,46,8.0,1007,34,9,46,14,buenos-aires
2020-01-15,33,25,0.0,13.4,6,61,11:54 PM,11:07 AM,05:57 AM,08:10 PM,17,30,30,29,26,37,52,49.6,1004,33,8,242,17,buenos-aires
2020-01-16,32,18,0.0,14.5,7,54,No moonrise,12:13 PM,05:58 AM,08:10 PM,2,25,25,26,13,0,23,0.0,1017,32,10,167,11,buenos-aires
2020-01-17,37,21,0.0,14.5,7,47,12:27 AM,01:20 PM,05:59 AM,08:10 PM,9,27,27,28,12,0,35,0.0,1019,37,10,115,11,buenos-aires
2020-01-18,32,22,0.0,14.1,7,40,01:02 AM,02:25 PM,06:00 AM,08:09 PM,8,27,27,26,16,13,31,0.0,1016,32,10,75,13,buenos-aires
2020-01-19,38,25,0.0,11.6,8,32,01:38 AM,03:31 PM,06:01 AM,08:09 PM,13,31,31,31,15,6,34,0.0,1011,38,10,51,12,buenos-aires
2020-01-20,41,28,0.0,11.6,9,25,02:16 AM,04:35 PM,06:02 AM,08:08 PM,16,35,35,34,14,16,36,2.0,1008,41,10,81,11,buenos-aires
2020-01-21,34,28,0.0,9.3,7,18,03:00 AM,05:37 PM,06:03 AM,08:08 PM,19,32,32,30,14,54,54,5.8,1009,34,10,113,11,buenos-aires
2020-01-22,35,26,0.0,11.6,8,11,03:48 AM,06:34 PM,06:04 AM,08:08 PM,17,31,31,29,17,28,52,0.6,1012,35,10,90,14,buenos-aires
2020-01-23,34,24,0.0,11.6,7,3,04:40 AM,07:27 PM,06:05 AM,08:07 PM,15,29,29,29,17,4,47,0.0,1014,34,10,43,14,buenos-aires
2020-01-24,38,24,0.0,11.6,8,0,05:37 AM,08:13 PM,06:06 AM,08:07 PM,13,32,32,31,21,14,37,0.3,1009,38,10,233,17,buenos-aires
2020-01-25,38,27,0.0,11.6,8,0,06:34 AM,08:54 PM,06:07 AM,08:06 PM,14,32,32,32,13,7,37,0.0,1005,38,10,170,11,buenos-aires
2020-01-26,38,26,0.0,11.6,8,4,07:33 AM,09:30 PM,06:08 AM,08:05 PM,13,32,32,32,11,5,35,0.0,1006,38,10,121,10,buenos-aires
2020-01-27,29,19,0.0,10.4,6,11,08:30 AM,10:02 PM,06:09 AM,08:05 PM,10,25,25,24,21,12,43,0.0,1013,29,10,129,18,buenos-aires
2020-01-28,35,19,0.0,11.6,7,18,09:26 AM,10:30 PM,06:10 AM,08:04 PM,10,27,27,26,17,5,40,0.0,1010,35,10,46,14,buenos-aires
2020-01-29,31,26,0.0,10.4,6,26,10:21 AM,10:58 PM,06:11 AM,08:04 PM,12,28,28,28,20,37,41,2.0,1007,31,9,179,16,buenos-aires
2020-01-30,33,21,0.0,11.6,7,33,11:15 AM,11:26 PM,06:12 AM,08:03 PM,10,27,27,26,17,9,42,0.0,1013,33,10,113,15,buenos-aires
2020-01-31,39,22,0.0,11.6,8,37,12:10 PM,11:53 PM,06:13 AM,08:02 PM,6,29,29,29,11,0,27,0.0,1012,39,10,120,9,buenos-aires
2020-02-01,37,23,0.0,11.6,8,49,01:05 PM,No moonset,06:14 AM,08:01 PM,8,29,29,30,16,2,27,0.0,1011,37,10,121,13,buenos-aires
2020-02-02,40,26,0.0,11.6,8,57,02:02 PM,12:23 AM,06:15 AM,08:01 PM,10,32,32,32,12,7,29,0.0,1011,40,10,129,10,buenos-aires
2020-02-03,38,27,0.0,11.6,8,64,03:01 PM,12:56 AM,06:16 AM,08:00 PM,13,31,31,32,22,1,32,0.0,1012,38,10,52,17,buenos-aires
2020-02-04,39,25,0.0,11.6,8,72,04:02 PM,01:34 AM,06:17 AM,07:59 PM,16,32,32,31,22,8,44,0.0,1009,39,10,47,17,buenos-aires
2020-02-05,35,28,0.0,10.4,7,79,05:03 PM,02:17 AM,06:18 AM,07:58 PM,17,32,32,31,21,30,45,0.3,1008,35,10,61,16,buenos-aires
2020-02-06,36,29,0.0,6.7,7,87,06:03 PM,03:09 AM,06:19 AM,07:57 PM,19,33,33,32,19,73,50,3.7,1009,36,10,91,14,buenos-aires
2020-02-07,34,25,0.0,6.7,6,95,06:59 PM,04:09 AM,06:20 AM,07:56 PM,21,32,32,29,18,71,65,11.2,1012,34,9,160,14,buenos-aires
2020-02-08,27,24,0.0,7.9,6,100,07:50 PM,05:15 AM,06:21 AM,07:56 PM,19,27,27,25,24,71,70,29.6,1013,27,8,125,15,buenos-aires
2020-02-09,28,18,0.0,11.6,6,100,08:35 PM,06:26 AM,06:22 AM,07:55 PM,11,22,22,22,19,13,52,0.0,1018,28,10,122,16,buenos-aires
2020-02-10,28,19,0.0,11.6,6,83,09:15 PM,07:39 AM,06:23 AM,07:54 PM,11,23,23,23,15,3,50,0.0,1021,28,10,98,13,buenos-aires
2020-02-11,30,21,0.0,11.6,7,75,09:52 PM,08:50 AM,06:24 AM,07:53 PM,13,26,26,25,16,6,50,0.0,1019,30,10,80,13,buenos-aires
2020-02-12,31,22,0.0,11.6,7,68,10:27 PM,10:00 AM,06:25 AM,07:52 PM,13,27,27,26,19,2,48,0.0,1015,31,10,64,15,buenos-aires
2020-02-13,36,23,0.0,11.6,7,60,11:02 PM,11:09 AM,06:26 AM,07:51 PM,14,30,30,29,20,6,45,0.0,1010,36,10,48,16,buenos-aires
2020-02-14,34,24,0.0,10.4,6,53,11:38 PM,12:17 PM,06:27 AM,07:50 PM,15,30,30,28,9,43,46,5.3,1009,34,10,207,7,buenos-aires
2020-02-15,40,26,0.0,11.6,8,45,No moonrise,01:24 PM,06:28 AM,07:49 PM,16,33,33,32,12,4,39,0.0,1007,40,10,130,10,buenos-aires
2020-02-16,40,27,0.0,11.6,8,38,12:16 AM,02:29 PM,06:29 AM,07:48 PM,14,34,34,33,20,12,34,0.1,1004,40,10,189,15,buenos-aires
2020-02-17,38,28,0.0,9.1,7,30,12:59 AM,03:32 PM,06:30 AM,07:47 PM,20,35,35,32,23,69,54,36.5,1001,38,8,280,16,buenos-aires
2020-02-18,29,20,0.0,10.3,5,22,01:45 AM,04:30 PM,06:31 AM,07:45 PM,15,26,26,24,19,39,55,12.9,1009,29,9,216,16,buenos-aires
2020-02-19,35,24,0.0,11.6,7,15,02:35 AM,05:24 PM,06:32 AM,07:44 PM,12,29,29,28,11,0,40,0.0,1010,35,10,176,10,buenos-aires
2020-02-20,24,17,0.0,11.6,6,7,03:30 AM,06:11 PM,06:33 AM,07:43 PM,4,21,22,21,25,4,34,0.0,1017,24,10,176,21,buenos-aires
2020-02-21,24,16,0.0,11.6,6,0,04:27 AM,06:53 PM,06:34 AM,07:42 PM,5,20,21,20,21,1,39,0.0,1021,24,10,183,17,buenos-aires
2020-02-22,28,16,0.0,11.6,6,0,05:25 AM,07:30 PM,06:35 AM,07:41 PM,7,21,21,21,14,0,43,0.0,1023,28,10,122,12,buenos-aires
2020-02-23,31,20,0.0,11.6,7,0,06:22 AM,08:02 PM,06:36 AM,07:40 PM,11,25,25,25,12,3,45,0.0,1017,31,10,38,10,buenos-aires
2020-02-24,33,21,0.0,11.6,7,0,07:18 AM,08:32 PM,06:37 AM,07:38 PM,11,27,27,26,14,6,39,0.0,1008,33,10,225,12,buenos-aires
2020-02-25,22,16,0.0,9.0,5,8,08:13 AM,09:00 PM,06:38 AM,07:37 PM,11,21,23,21,14,30,48,2.8,1009,22,9,154,12,buenos-aires
2020-02-26,29,19,0.0,11.6,6,15,09:08 AM,09:27 PM,06:39 AM,07:36 PM,11,23,23,23,13,10,48,0.0,1014,29,10,108,11,buenos-aires
2020-02-27,34,19,0.0,11.6,7,23,10:02 AM,09:55 PM,06:40 AM,07:35 PM,9,25,25,26,11,4,39,0.0,1014,34,10,162,10,buenos-aires
2020-02-28,35,22,0.0,11.6,7,30,10:57 AM,10:23 PM,06:41 AM,07:34 PM,8,28,28,28,17,11,28,0.0,1011,35,10,223,13,buenos-aires
2020-02-29,36,22,0.0,11.6,7,38,11:53 AM,10:54 PM,06:41 AM,07:32 PM,14,28,28,27,20,4,50,0.0,1018,36,10,72,16,buenos-aires
2020-03-01,38,26,0.0,11.6,8,44,12:50 PM,11:29 PM,06:42 AM,07:31 PM,10,31,31,31,14,3,27,0.0,1017,38,10,140,11,buenos-aires
2020-03-02,38,27,0.0,11.6,8,51,01:49 PM,No moonset,06:43 AM,07:30 PM,11,30,30,31,18,5,28,0.0,1017,38,10,163,14,buenos-aires
2020-03-03,38,25,0.0,11.6,8,58,02:48 PM,12:09 AM,06:44 AM,07:28 PM,14,32,32,31,13,3,39,0.0,1015,38,10,51,11,buenos-aires
2020-03-04,36,26,0.0,11.6,8,65,03:47 PM,12:55 AM,06:45 AM,07:27 PM,13,31,31,31,13,3,35,0.0,1014,36,10,111,11,buenos-aires
2020-03-05,34,24,0.0,11.6,7,73,04:44 PM,01:50 AM,06:46 AM,07:26 PM,14,29,29,29,18,3,43,0.0,1016,34,10,58,15,buenos-aires
2020-03-06,34,24,0.0,11.6,7,80,05:36 PM,02:52 AM,06:47 AM,07:24 PM,13,29,29,28,17,5,41,0.0,1015,34,10,51,13,buenos-aires
2020-03-07,36,23,0.0,11.6,7,87,06:23 PM,04:00 AM,06:48 AM,07:23 PM,13,29,29,29,15,7,41,0.0,1010,36,10,42,12,buenos-aires
2020-03-08,39,25,0.0,11.6,8,95,07:06 PM,05:11 AM,06:48 AM,07:22 PM,10,30,30,31,14,15,29,0.0,1008,39,10,125,11,buenos-aires
2020-03-09,30,23,0.0,11.6,7,100,07:45 PM,06:24 AM,06:49 AM,07:20 PM,16,27,27,27,20,24,52,0.0,1015,30,10,114,16,buenos-aires
2020-03-10,25,21,0.0,9.0,5,100,08:21 PM,07:37 AM,06:50 AM,07:19 PM,15,24,24,22,26,49,63,1.7,1017,25,10,98,21,buenos-aires
2020-03-11,26,22,0.0,7.7,5,84,08:57 PM,08:49 AM,06:51 AM,07:18 PM,17,26,26,24,21,57,66,8.3,1013,26,10,86,15,buenos-aires
2020-03-12,29,21,0.0,9.0,6,76,09:34 PM,10:00 AM,06:52 AM,07:16 PM,19,26,26,24,11,37,69,2.6,1011,29,10,128,9,buenos-aires
2020-03-13,40,25,0.0,11.6,8,69,10:13 PM,11:10 AM,06:53 AM,07:15 PM,17,32,32,31,17,11,47,0.0,1009,40,10,134,13,buenos-aires
2020-03-14,29,24,0.0,9.0,6,62,10:55 PM,12:18 PM,06:53 AM,07:14 PM,18,28,28,27,18,57,58,16.2,1012,29,9,122,11,buenos-aires
2020-03-15,25,19,0.0,8.9,5,55,11:41 PM,01:24 PM,06:54 AM,07:12 PM,15,22,23,22,20,57,64,13.0,1017,25,9,109,15,buenos-aires
2020-03-16,27,19,0.0,11.6,6,47,No moonrise,02:25 PM,06:55 AM,07:11 PM,14,23,23,22,16,19,60,0.0,1016,27,10,78,13,buenos-aires
2020-03-17,28,21,0.0,10.3,5,40,12:31 AM,03:22 PM,06:56 AM,07:09 PM,16,25,25,23,16,43,64,13.9,1012,28,9,127,12,buenos-aires
2020-03-18,26,20,0.0,8.9,5,33,01:26 AM,04:11 PM,06:57 AM,07:08 PM,17,23,23,22,15,62,71,11.2,1012,26,8,199,12,buenos-aires
2020-03-19,27,19,0.0,11.6,6,25,02:21 AM,04:54 PM,06:57 AM,07:07 PM,13,24,24,23,17,7,55,0.0,1011,27,10,224,14,buenos-aires
2020-03-20,31,21,0.0,11.6,7,18,03:19 AM,05:32 PM,06:58 AM,07:05 PM,11,27,27,26,8,1,40,0.0,1012,31,10,216,7,buenos-aires
2020-03-21,32,25,0.0,11.6,7,11,04:16 AM,06:05 PM,06:59 AM,07:04 PM,11,28,28,28,6,3,36,0.0,1012,32,10,230,5,buenos-aires
2020-03-22,33,23,0.0,11.6,7,4,05:12 AM,06:35 PM,07:00 AM,07:02 PM,11,28,28,28,11,8,38,0.0,1016,33,10,110,9,buenos-aires
2020-03-23,33,23,0.0,11.6,7,0,06:08 AM,07:03 PM,07:01 AM,07:01 PM,11,27,27,28,15,0,37,0.0,1017,33,10,46,13,buenos-aires
2020-03-24,35,22,0.0,11.6,7,0,07:03 AM,07:31 PM,07:01 AM,07:00 PM,14,28,28,28,12,6,47,0.0,1014,35,10,49,10,buenos-aires
2020-03-25,24,16,0.0,8.7,5,3,07:57 AM,07:57 PM,07:02 AM,06:58 PM,17,25,25,23,13,58,65,11.3,1015,24,9,108,10,buenos-aires
2020-03-26,29,22,0.0,10.1,6,11,08:52 AM,08:25 PM,07:03 AM,06:57 PM,18,26,26,24,15,63,69,0.0,1016,29,10,118,12,buenos-aires
2020-03-27,32,22,0.0,10.1,6,18,09:48 AM,08:55 PM,07:04 AM,06:55 PM,17,27,27,26,14,46,61,2.0,1012,32,10,87,11,buenos-aires
2020-03-28,31,23,0.0,8.7,6,25,10:44 AM,09:28 PM,07:05 AM,06:54 PM,18,27,27,26,7,53,62,2.5,1012,31,10,121,5,buenos-aires
2020-03-29,33,23,0.0,7.2,6,32,11:42 AM,10:05 PM,07:05 AM,06:53 PM,17,29,29,27,5,45,56,0.0,1014,33,10,213,4,buenos-aires
2020-03-30,31,25,0.0,5.7,6,40,12:40 PM,10:49 PM,07:06 AM,06:51 PM,17,28,28,27,6,72,54,0.0,1015,31,10,73,4,buenos-aires
2020-03-31,24,21,0.0,7.2,5,44,01:38 PM,11:39 PM,07:07 AM,06:50 PM,16,24,24,22,24,82,69,0.5,1018,24,10,107,19,buenos-aires
2020-04-01,25,20,0.0,5.7,5,56,02:34 PM,No moonset,07:08 AM,06:48 PM,17,23,23,22,19,73,72,30.5,1014,25,9,79,13,buenos-aires
2020-04-02,22,17,0.0,11.4,5,64,03:26 PM,12:35 AM,07:09 AM,06:47 PM,11,20,21,20,22,28,61,1.9,1018,22,10,190,18,buenos-aires
2020-04-03,28,17,0.0,11.4,6,71,04:14 PM,01:39 AM,07:09 AM,06:46 PM,11,22,22,22,11,0,52,0.0,1018,28,10,111,9,buenos-aires
2020-04-04,27,18,0.0,11.3,6,79,04:57 PM,02:47 AM,07:10 AM,06:44 PM,12,23,23,22,12,4,52,0.0,1012,27,10,250,11,buenos-aires
2020-04-05,25,17,0.0,10.1,6,87,05:37 PM,03:58 AM,07:11 AM,06:43 PM,10,22,22,22,10,28,45,0.0,1011,25,10,289,8,buenos-aires
2020-04-06,21,16,0.0,11.3,5,94,06:13 PM,05:10 AM,07:12 AM,06:42 PM,5,19,20,19,21,5,40,0.0,1019,21,10,209,17,buenos-aires
2020-04-07,23,16,0.0,11.3,6,100,06:49 PM,06:21 AM,07:12 AM,06:40 PM,4,20,20,20,9,0,37,0.0,1024,23,10,161,8,buenos-aires
2020-04-08,22,15,0.0,11.3,5,100,07:26 PM,07:34 AM,07:13 AM,06:39 PM,6,18,18,18,10,2,46,0.0,1025,22,10,130,9,buenos-aires
2020-04-09,23,17,0.0,11.2,5,83,08:04 PM,08:46 AM,07:14 AM,06:38 PM,10,20,21,20,9,0,56,0.0,1023,23,10,105,8,buenos-aires
2020-04-10,24,16,0.0,10.1,4,76,08:46 PM,09:58 AM,07:15 AM,06:36 PM,12,19,20,19,10,21,62,0.0,1021,24,10,92,9,buenos-aires
2020-04-11,28,18,0.0,11.2,6,68,09:32 PM,11:08 AM,07:16 AM,06:35 PM,13,22,22,22,11,1,59,0.0,1018,28,10,35,9,buenos-aires
2020-04-12,27,18,0.0,11.2,6,61,10:22 PM,12:14 PM,07:16 AM,06:34 PM,11,22,22,22,10,34,51,0.0,1015,27,10,34,8,buenos-aires
2020-04-13,20,16,0.0,5.6,4,53,11:17 PM,01:15 PM,07:17 AM,06:33 PM,12,19,19,19,11,86,68,24.8,1013,20,8,116,8,buenos-aires
2020-04-14,20,13,0.0,11.1,5,46,No moonrise,02:08 PM,07:18 AM,06:31 PM,6,15,16,15,22,26,54,0.6,1016,20,9,190,17,buenos-aires
2020-04-15,21,13,0.0,11.1,5,38,12:14 AM,02:54 PM,07:19 AM,06:30 PM,7,17,18,17,13,2,52,0.0,1019,21,10,185,11,buenos-aires
2020-04-16,24,14,0.0,11.1,5,30,01:12 AM,03:34 PM,07:19 AM,06:29 PM,5,19,19,19,6,9,43,0.0,1024,24,10,151,5,buenos-aires
2020-04-17,27,17,0.0,11.1,6,23,02:10 AM,04:08 PM,07:20 AM,06:28 PM,10,21,21,21,8,2,53,0.0,1025,27,10,31,7,buenos-aires
2020-04-18,27,18,0.0,11.1,6,15,03:07 AM,04:39 PM,07:21 AM,06:26 PM,12,23,23,22,12,2,52,0.0,1022,27,10,25,10,buenos-aires
2020-04-19,30,19,0.0,11.0,6,8,04:02 AM,05:07 PM,07:22 AM,06:25 PM,13,24,24,24,13,1,51,0.0,1018,30,10,107,11,buenos-aires
2020-04-20,30,21,0.0,11.0,7,0,04:57 AM,05:35 PM,07:23 AM,06:24 PM,13,26,26,25,8,1,48,0.0,1016,30,10,173,7,buenos-aires
2020-04-21,23,19,0.0,11.0,6,0,05:52 AM,06:01 PM,07:23 AM,06:23 PM,13,21,22,21,14,12,61,0.0,1017,23,10,164,11,buenos-aires
2020-04-22,21,17,0.0,8.5,4,0,06:46 AM,06:28 PM,07:24 AM,06:22 PM,13,18,19,18,16,50,73,0.0,1018,21,10,86,13,buenos-aires
2020-04-23,27,18,0.0,11.0,6,0,07:42 AM,06:57 PM,07:25 AM,06:20 PM,16,22,22,22,13,33,71,0.2,1014,27,10,62,10,buenos-aires
2020-04-24,27,22,0.0,10.1,5,7,08:39 AM,07:30 PM,07:26 AM,06:19 PM,13,25,25,23,16,48,53,0.8,1010,27,10,46,11,buenos-aires
2020-04-25,20,12,0.0,5.5,4,15,09:37 AM,08:05 PM,07:27 AM,06:18 PM,15,19,20,19,22,91,76,19.1,1016,20,9,119,16,buenos-aires
2020-04-26,21,18,0.0,5.5,4,22,10:35 AM,08:46 PM,07:27 AM,06:17 PM,14,19,19,19,29,88,74,2.0,1023,21,10,92,21,buenos-aires
2020-04-27,19,10,0.0,5.4,4,30,11:34 AM,09:34 PM,07:28 AM,06:16 PM,16,17,18,17,30,100,86,31.6,1019,19,7,63,20,buenos-aires
2020-04-28,22,15,0.0,7.0,5,37,12:29 PM,10:28 PM,07:29 AM,06:15 PM,17,19,20,19,27,71,83,42.5,1011,22,7,184,15,buenos-aires
2020-04-29,22,13,0.0,10.8,5,45,01:22 PM,11:28 PM,07:30 AM,06:14 PM,8,18,19,18,15,0,51,0.0,1017,22,10,261,13,buenos-aires
2020-04-30,26,16,0.0,10.8,6,52,02:10 PM,No moonset,07:30 AM,06:13 PM,8,20,20,20,6,17,50,0.0,1018,26,10,223,5,buenos-aires
2020-05-01,22,16,0.0,10.8,5,58,02:53 PM,12:32 AM,07:31 AM,06:12 PM,9,19,19,19,5,23,54,0.0,1022,22,10,190,4,buenos-aires
2020-05-02,21,17,0.0,10.8,5,65,03:33 PM,01:40 AM,07:32 AM,06:11 PM,11,18,18,18,11,5,65,0.0,1022,21,10,114,9,buenos-aires
2020-05-03,21,15,0.0,10.0,4,72,04:09 PM,02:48 AM,07:33 AM,06:10 PM,11,17,18,17,14,28,67,0.0,1019,21,10,34,12,buenos-aires
2020-05-04,21,17,0.0,10.8,5,80,04:44 PM,03:58 AM,07:34 AM,06:09 PM,11,19,19,19,8,54,63,0.0,1013,21,10,273,6,buenos-aires
2020-05-05,16,12,0.0,8.5,4,87,05:19 PM,05:09 AM,07:34 AM,06:08 PM,8,14,15,14,28,32,63,0.0,1013,16,10,246,21,buenos-aires
2020-05-06,16,11,0.0,6.9,3,94,05:56 PM,06:20 AM,07:35 AM,06:07 PM,5,12,13,12,17,60,57,0.0,1024,16,10,206,13,buenos-aires
2020-05-07,19,14,0.0,10.7,5,100,06:35 PM,07:33 AM,07:36 AM,06:06 PM,7,16,17,16,8,6,52,0.0,1024,19,10,273,6,buenos-aires
2020-05-08,19,12,0.0,10.7,5,100,07:20 PM,08:44 AM,07:37 AM,06:05 PM,6,14,15,14,16,33,58,0.0,1021,19,10,343,12,buenos-aires
2020-05-09,21,11,0.0,10.7,5,84,08:09 PM,09:55 AM,07:37 AM,06:05 PM,7,14,16,14,20,19,54,0.0,1015,21,10,306,15,buenos-aires
2020-05-10,23,15,0.0,10.7,5,77,09:03 PM,11:00 AM,07:38 AM,06:04 PM,9,18,19,18,15,8,56,0.0,1010,23,10,258,12,buenos-aires
2020-05-11,23,14,0.0,10.0,5,70,10:01 PM,11:58 AM,07:39 AM,06:03 PM,6,18,19,18,13,24,41,0.0,1015,23,10,198,10,buenos-aires
2020-05-12,23,15,0.0,10.6,5,62,11:01 PM,12:49 PM,07:40 AM,06:02 PM,5,18,18,18,6,14,43,0.0,1017,23,10,107,5,buenos-aires
2020-05-13,18,14,0.0,10.6,5,55,No moonrise,01:32 PM,07:40 AM,06:02 PM,5,16,16,16,12,10,49,0.0,1020,18,10,188,10,buenos-aires
2020-05-14,19,13,0.0,10.6,5,48,12:00 AM,02:09 PM,07:41 AM,06:01 PM,5,15,15,15,9,6,52,0.0,1023,19,10,170,7,buenos-aires
2020-05-15,19,12,0.0,10.6,5,40,12:58 AM,02:41 PM,07:42 AM,06:00 PM,5,14,15,14,19,8,52,0.0,1019,19,10,318,14,buenos-aires
2020-05-16,22,14,0.0,8.7,5,33,01:55 AM,03:11 PM,07:43 AM,05:59 PM,9,17,18,17,20,4,55,0.0,1015,22,10,314,15,buenos-aires
2020-05-17,25,17,0.0,8.7,6,26,02:50 AM,03:38 PM,07:43 AM,05:59 PM,9,20,20,20,14,3,51,0.0,1015,25,10,246,11,buenos-aires
2020-05-18,25,17,0.0,8.7,6,19,03:45 AM,04:05 PM,07:44 AM,05:58 PM,13,21,22,21,14,0,61,0.0,1018,25,10,56,13,buenos-aires
2020-05-19,27,18,0.0,8.7,6,11,04:40 AM,04:31 PM,07:45 AM,05:58 PM,14,22,22,22,13,0,63,0.0,1014,27,10,14,11,buenos-aires
2020-05-20,22,18,0.0,7.1,5,4,05:35 AM,05:00 PM,07:46 AM,05:57 PM,14,20,21,20,13,40,69,2.1,1011,22,9,114,10,buenos-aires
2020-05-21,19,15,0.0,3.8,4,0,06:31 AM,05:31 PM,07:46 AM,05:56 PM,14,18,18,18,16,100,80,5.3,1013,19,8,191,12,buenos-aires
2020-05-22,15,13,0.0,3.8,3,0,07:30 AM,06:05 PM,07:47 AM,05:56 PM,7,12,14,12,32,86,65,0.2,1021,15,10,169,23,buenos-aires
2020-05-23,16,10,0.0,8.7,4,3,08:29 AM,06:45 PM,07:48 AM,05:55 PM,6,12,13,12,16,27,63,0.0,1023,16,10,192,13,buenos-aires
2020-05-24,17,11,0.0,8.7,4,10,09:28 AM,07:31 PM,07:48 AM,05:55 PM,4,13,14,13,19,27,51,0.0,1016,17,10,292,14,buenos-aires
2020-05-25,18,14,0.0,7.1,4,17,10:26 AM,08:23 PM,07:49 AM,05:54 PM,6,15,16,15,29,35,52,0.0,1014,18,10,229,20,buenos-aires
2020-05-26,21,14,0.0,8.7,5,25,11:20 AM,09:22 PM,07:50 AM,05:54 PM,9,18,18,18,8,0,60,0.0,1019,21,10,210,7,buenos-aires
2020-05-27,22,14,0.0,8.7,5,32,12:09 PM,10:24 PM,07:50 AM,05:54 PM,10,17,18,17,11,0,61,0.0,1016,22,10,178,9,buenos-aires
2020-05-28,23,13,0.0,8.7,5,39,12:53 PM,11:30 PM,07:51 AM,05:53 PM,12,18,18,18,9,4,70,0.0,1014,23,10,231,8,buenos-aires
2020-05-29,22,15,0.0,8.7,5,47,01:33 PM,No moonset,07:52 AM,05:53 PM,14,18,18,18,7,8,77,0.0,1015,22,10,64,6,buenos-aires
2020-05-30,17,12,0.0,7.1,4,54,02:09 PM,12:37 AM,07:52 AM,05:53 PM,11,15,15,15,13,52,77,0.3,1015,17,10,175,10,buenos-aires
2020-05-31,14,8,0.0,8.7,4,58,02:43 PM,01:44 AM,07:53 AM,05:52 PM,3,8,11,8,26,22,58,0.0,1020,14,10,222,20,buenos-aires
2020-06-01,15,9,0.0,8.7,4,71,03:17 PM,02:52 AM,07:53 AM,05:52 PM,4,11,12,11,11,9,56,0.0,1022,15,10,214,9,buenos-aires
2020-06-02,16,10,0.0,8.7,4,79,03:51 PM,04:01 AM,07:54 AM,05:52 PM,4,12,12,12,9,8,56,0.0,1021,16,10,289,8,buenos-aires
2020-06-03,16,10,0.0,8.7,4,86,04:28 PM,05:11 AM,07:55 AM,05:52 PM,4,13,13,13,7,16,55,0.0,1023,16,10,243,5,buenos-aires
2020-06-04,17,8,0.0,8.7,4,94,05:09 PM,06:21 AM,07:55 AM,05:51 PM,8,13,14,13,7,18,64,0.0,1025,17,10,91,6,buenos-aires
2020-06-05,15,11,0.0,5.4,3,100,05:55 PM,07:32 AM,07:56 AM,05:51 PM,10,13,14,13,20,59,78,0.8,1019,15,8,119,14,buenos-aires
2020-06-06,17,15,0.0,3.7,4,100,06:47 PM,08:40 AM,07:56 AM,05:51 PM,14,16,16,16,21,90,85,4.8,1011,17,9,144,14,buenos-aires
2020-06-07,20,15,0.0,5.4,4,84,07:45 PM,09:43 AM,07:57 AM,05:51 PM,13,17,17,17,6,83,80,0.1,1016,20,10,199,5,buenos-aires
2020-06-08,20,15,0.0,7.0,4,76,08:45 PM,10:38 AM,07:57 AM,05:51 PM,11,17,17,17,7,57,69,0.0,1017,20,10,276,5,buenos-aires
2020-06-09,20,13,0.0,3.7,4,69,09:46 PM,11:26 AM,07:58 AM,05:51 PM,11,16,16,16,6,40,70,0.0,1015,20,10,215,5,buenos-aires
2020-06-10,23,14,0.0,8.7,5,61,10:46 PM,12:07 PM,07:58 AM,05:51 PM,12,18,19,18,6,1,67,0.0,1014,23,10,220,5,buenos-aires
2020-06-11,19,13,0.0,8.7,4,54,11:45 PM,12:41 PM,07:58 AM,05:51 PM,11,16,16,16,11,27,71,0.0,1012,19,10,27,9,buenos-aires
2020-06-12,18,15,0.0,5.4,4,46,No moonrise,01:12 PM,07:59 AM,05:51 PM,11,16,16,16,17,60,73,0.6,1008,18,9,229,12,buenos-aires
2020-06-13,12,8,0.0,8.7,4,38,12:41 AM,01:41 PM,07:59 AM,05:51 PM,-5,9,11,9,27,8,31,0.0,1022,12,10,233,20,buenos-aires
2020-06-14,17,10,0.0,8.7,4,31,01:37 AM,02:07 PM,08:00 AM,05:51 PM,-2,13,13,13,10,1,35,0.0,1027,17,10,210,9,buenos-aires
2020-06-15,13,9,0.0,8.7,4,23,02:31 AM,02:34 PM,08:00 AM,05:51 PM,1,10,11,10,18,23,49,0.0,1022,13,10,44,14,buenos-aires
2020-06-16,21,13,0.0,5.3,4,16,03:26 AM,03:01 PM,08:00 AM,05:51 PM,14,16,16,16,19,79,89,0.2,1015,21,7,32,11,buenos-aires
2020-06-17,22,18,0.0,5.3,5,8,04:22 AM,03:31 PM,08:01 AM,05:51 PM,17,20,20,20,28,77,83,4.1,1007,22,7,141,17,buenos-aires
2020-06-18,18,15,0.0,7.0,4,1,05:20 AM,04:04 PM,08:01 AM,05:51 PM,10,17,17,17,20,42,65,33.3,1007,18,9,226,14,buenos-aires
2020-06-19,17,10,0.0,7.0,4,0,06:18 AM,04:42 PM,08:01 AM,05:51 PM,11,15,15,15,9,27,74,0.0,1011,17,10,173,7,buenos-aires
2020-06-20,18,13,0.0,8.7,5,0,07:19 AM,05:26 PM,08:01 AM,05:52 PM,6,15,15,15,12,33,56,0.5,1014,18,10,119,10,buenos-aires
2020-06-21,17,13,0.0,8.7,4,0,08:18 AM,06:16 PM,08:02 AM,05:52 PM,9,14,15,14,14,59,72,16.7,1014,17,9,180,10,buenos-aires
2020-06-22,13,7,0.0,7.0,3,7,09:15 AM,07:14 PM,08:02 AM,05:52 PM,9,11,13,11,15,58,77,29.3,1014,13,8,97,11,buenos-aires
2020-06-23,16,13,0.0,3.6,3,14,10:06 AM,08:16 PM,08:02 AM,05:52 PM,14,15,15,15,13,99,92,19.5,1005,16,6,185,10,buenos-aires
2020-06-24,13,11,0.0,3.6,3,22,10:53 AM,09:23 PM,08:02 AM,05:53 PM,8,10,12,10,22,96,78,0.9,1007,13,8,150,16,buenos-aires
2020-06-25,13,5,0.0,8.7,4,29,11:35 AM,10:29 PM,08:02 AM,05:53 PM,4,8,10,8,20,31,63,0.4,1017,13,9,217,16,buenos-aires
2020-06-26,14,7,0.0,8.7,4,37,12:11 PM,11:37 PM,08:02 AM,05:53 PM,-1,9,10,9,10,31,46,0.0,1022,14,10,251,8,buenos-aires
2020-06-27,15,9,0.0,8.7,4,44,12:45 PM,No moonset,08:02 AM,05:54 PM,1,11,11,11,4,30,49,0.0,1025,15,10,134,3,buenos-aires
2020-06-28,14,6,0.0,8.7,3,52,01:18 PM,12:43 AM,08:02 AM,05:54 PM,4,10,11,10,10,24,60,0.0,1024,14,10,81,8,buenos-aires
2020-06-29,12,10,0.0,5.3,3,59,01:51 PM,01:50 AM,08:02 AM,05:54 PM,6,9,11,9,26,82,70,3.4,1019,12,9,79,19,buenos-aires
2020-06-30,13,10,0.0,3.6,3,67,02:26 PM,02:57 AM,08:02 AM,05:55 PM,10,10,11,10,22,100,89,30.5,1010,13,8,159,16,buenos-aires
2020-07-01,10,7,0.0,3.6,2,72,03:04 PM,04:06 AM,08:02 AM,05:55 PM,4,7,9,7,21,88,69,1.1,1018,10,8,186,16,buenos-aires
2020-07-02,11,7,0.0,3.6,2,79,03:47 PM,05:15 AM,08:02 AM,05:56 PM,2,8,9,8,10,77,63,0.4,1022,11,10,254,8,buenos-aires
2020-07-03,13,7,0.0,5.3,3,86,04:35 PM,06:23 AM,08:02 AM,05:56 PM,4,8,10,8,17,61,68,0.0,1017,13,10,295,13,buenos-aires
2020-07-04,15,9,0.0,8.7,4,94,05:30 PM,07:28 AM,08:02 AM,05:57 PM,6,11,12,11,15,34,69,0.0,1011,15,10,270,11,buenos-aires
2020-07-05,14,5,0.0,8.7,4,100,06:29 PM,08:26 AM,08:02 AM,05:57 PM,4,10,11,10,13,26,61,2.2,1017,14,9,210,10,buenos-aires
2020-07-06,14,8,0.0,8.7,3,100,07:31 PM,09:18 AM,08:02 AM,05:58 PM,2,10,10,10,9,39,56,0.0,1023,14,10,148,7,buenos-aires
2020-07-07,10,8,0.0,3.6,2,85,08:32 PM,10:01 AM,08:02 AM,05:58 PM,3,7,9,7,15,65,68,0.3,1024,10,10,121,11,buenos-aires
2020-07-08,13,8,0.0,7.0,3,77,09:32 PM,10:39 AM,08:01 AM,05:59 PM,3,9,10,9,8,74,63,0.0,1020,13,10,184,6,buenos-aires
2020-07-09,14,7,0.0,8.7,4,70,10:30 PM,11:12 AM,08:01 AM,05:59 PM,2,9,10,9,14,25,57,0.1,1020,14,10,284,11,buenos-aires
2020-07-10,15,9,0.0,9.9,3,63,11:26 PM,11:41 AM,08:01 AM,06:00 PM,6,10,12,10,24,26,66,0.0,1013,15,10,305,16,buenos-aires
2020-07-11,14,9,0.0,10.0,4,55,No moonrise,12:08 PM,08:00 AM,06:00 PM,-0,11,11,11,12,14,45,0.0,1015,14,10,277,10,buenos-aires
2020-07-12,14,9,0.0,10.0,4,48,12:21 AM,12:35 PM,08:00 AM,06:01 PM,-3,10,11,10,15,18,38,0.0,1015,14,10,256,11,buenos-aires
2020-07-13,12,7,0.0,10.0,3,41,01:16 AM,01:02 PM,08:00 AM,06:02 PM,-2,7,9,7,18,27,45,0.0,1021,12,10,241,14,buenos-aires
2020-07-14,14,7,0.0,10.4,4,34,02:11 AM,01:31 PM,07:59 AM,06:02 PM,-4,9,11,9,9,0,37,0.0,1025,14,10,228,7,buenos-aires
2020-07-15,15,8,0.0,10.4,4,26,03:08 AM,02:02 PM,07:59 AM,06:03 PM,-1,11,11,11,10,0,42,0.0,1023,15,10,142,9,buenos-aires
2020-07-16,15,9,0.0,10.4,4,19,04:06 AM,02:37 PM,07:59 AM,06:03 PM,2,10,11,10,11,5,54,0.0,1021,15,10,43,10,buenos-aires
2020-07-17,16,9,0.0,10.0,3,12,05:05 AM,03:18 PM,07:58 AM,06:04 PM,8,11,12,11,14,37,76,0.0,1016,16,10,35,11,buenos-aires
2020-07-18,17,14,0.0,5.2,4,5,06:05 AM,04:06 PM,07:58 AM,06:05 PM,14,15,15,15,11,97,96,6.9,1010,17,7,107,7,buenos-aires
2020-07-19,23,16,0.0,10.5,4,0,07:04 AM,05:02 PM,07:57 AM,06:05 PM,16,18,19,18,13,51,86,0.0,1010,23,6,55,7,buenos-aires
2020-07-20,25,17,0.0,10.5,5,0,07:58 AM,06:03 PM,07:57 AM,06:06 PM,17,20,21,20,10,35,83,0.0,1010,25,7,80,6,buenos-aires
2020-07-21,16,15,0.0,5.3,4,2,08:48 AM,07:10 PM,07:56 AM,06:07 PM,14,16,16,16,18,99,91,12.9,1011,16,8,123,12,buenos-aires
2020-07-22,16,8,0.0,5.3,4,10,09:32 AM,08:18 PM,07:55 AM,06:07 PM,15,14,15,14,9,100,95,16.5,1009,16,7,132,6,buenos-aires
2020-07-23,14,12,0.0,5.3,3,17,10:11 AM,09:28 PM,07:55 AM,06:08 PM,12,13,14,13,13,100,91,18.1,1010,14,8,240,9,buenos-aires
2020-07-24,10,9,0.0,6.9,2,24,10:47 AM,10:35 PM,07:54 AM,06:09 PM,4,7,10,7,23,77,69,4.1,1014,10,10,269,17,buenos-aires
2020-07-25,13,6,0.0,10.6,3,32,11:21 AM,11:43 PM,07:54 AM,06:09 PM,0,8,9,8,17,10,52,0.0,1019,13,10,281,13,buenos-aires
2020-07-26,16,9,0.0,10.6,4,39,11:54 AM,No moonset,07:53 AM,06:10 PM,2,11,12,11,17,6,52,0.0,1018,16,10,336,13,buenos-aires
2020-07-27,14,10,0.0,10.6,4,46,12:27 PM,12:50 AM,07:52 AM,06:11 PM,2,10,12,10,17,30,54,0.0,1017,14,10,267,12,buenos-aires
2020-07-28,13,3,0.0,10.6,3,53,01:04 PM,01:57 AM,07:51 AM,06:11 PM,-0,7,9,7,13,0,48,0.0,1026,13,10,214,11,buenos-aires
2020-07-29,16,9,0.0,10.6,4,61,01:44 PM,03:05 AM,07:51 AM,06:12 PM,1,12,12,12,6,0,48,0.0,1029,16,10,230,5,buenos-aires
2020-07-30,14,7,0.0,10.6,4,68,02:29 PM,04:12 AM,07:50 AM,06:13 PM,3,9,11,9,14,4,61,0.0,1025,14,10,25,12,buenos-aires
2020-07-31,18,9,0.0,10.7,4,72,03:21 PM,05:17 AM,07:49 AM,06:14 PM,6,12,12,12,9,41,65,0.0,1022,18,10,75,6,buenos-aires
2020-08-01,18,10,0.0,8.5,3,82,04:17 PM,06:16 AM,07:48 AM,06:14 PM,11,14,14,14,14,49,83,0.0,1020,18,9,48,10,buenos-aires
2020-08-02,20,16,0.0,6.9,4,90,05:17 PM,07:10 AM,07:47 AM,06:15 PM,16,17,17,17,14,78,93,1.2,1020,20,4,69,9,buenos-aires
2020-08-03,26,15,0.0,10.7,5,97,06:18 PM,07:56 AM,07:46 AM,06:16 PM,15,19,20,19,16,44,80,0.0,1022,26,8,66,10,buenos-aires
2020-08-04,26,18,0.0,10.7,6,100,07:19 PM,08:36 AM,07:46 AM,06:16 PM,15,21,22,21,16,8,70,0.0,1020,26,10,25,12,buenos-aires
2020-08-05,27,18,0.0,10.7,6,88,08:18 PM,09:10 AM,07:45 AM,06:17 PM,15,22,22,22,22,20,68,0.0,1014,27,10,182,15,buenos-aires
2020-08-06,17,13,0.0,5.4,4,81,09:16 PM,09:41 AM,07:44 AM,06:18 PM,9,16,17,16,20,64,61,0.8,1022,17,10,176,15,buenos-aires
2020-08-07,12,5,0.0,5.4,3,74,10:11 PM,10:09 AM,07:43 AM,06:19 PM,9,9,11,9,19,100,84,28.0,1024,12,8,111,14,buenos-aires
2020-08-08,18,13,0.0,6.9,4,67,11:06 PM,10:36 AM,07:42 AM,06:19 PM,13,14,15,14,12,80,90,0.2,1020,18,9,112,9,buenos-aires
2020-08-09,19,15,0.0,8.5,4,59,No moonrise,11:03 AM,07:41 AM,06:20 PM,15,17,17,17,9,62,88,0.0,1014,19,7,127,6,buenos-aires
2020-08-10,19,13,0.0,7.0,4,52,12:01 AM,11:30 AM,07:40 AM,06:21 PM,8,17,17,17,24,58,59,4.9,1009,19,10,253,17,buenos-aires
2020-08-11,14,6,0.0,10.8,4,45,12:57 AM,12:00 PM,07:39 AM,06:21 PM,-6,8,11,8,20,0,29,0.0,1021,14,10,249,15,buenos-aires
2020-08-12,14,4,0.0,8.5,3,38,01:54 AM,12:33 PM,07:38 AM,06:22 PM,-2,10,11,10,9,28,37,0.0,1017,14,10,287,8,buenos-aires
2020-08-13,17,10,0.0,10.9,4,30,02:52 AM,01:11 PM,07:36 AM,06:23 PM,2,13,13,13,11,11,47,0.0,1013,17,10,326,9,buenos-aires
2020-08-14,21,10,0.0,10.9,5,23,03:51 AM,01:55 PM,07:35 AM,06:24 PM,6,14,15,14,11,17,55,0.0,1011,21,10,281,9,buenos-aires
2020-08-15,15,10,0.0,10.9,4,16,04:49 AM,02:47 PM,07:34 AM,06:24 PM,-0,11,12,11,21,3,44,0.0,1013,15,10,233,17,buenos-aires
2020-08-16,15,7,0.0,10.9,4,8,05:46 AM,03:46 PM,07:33 AM,06:25 PM,-3,10,12,10,16,3,35,0.0,1016,15,10,283,13,buenos-aires
2020-08-17,21,13,0.0,10.9,5,1,06:38 AM,04:51 PM,07:32 AM,06:26 PM,3,15,16,15,8,0,42,0.0,1014,21,10,260,7,buenos-aires
2020-08-18,19,13,0.0,11.0,5,0,07:25 AM,06:00 PM,07:31 AM,06:26 PM,4,14,15,14,17,6,51,0.0,1010,19,10,247,14,buenos-aires
2020-08-19,11,7,0.0,10.1,2,0,08:07 AM,07:11 PM,07:30 AM,06:27 PM,-2,7,10,7,24,34,44,0.3,1022,11,10,196,18,buenos-aires
2020-08-20,12,7,0.0,11.0,3,6,08:45 AM,08:21 PM,07:28 AM,06:28 PM,-1,8,9,8,12,1,49,0.0,1032,12,10,229,10,buenos-aires
2020-08-21,16,7,0.0,11.0,4,13,09:20 AM,09:31 PM,07:27 AM,06:29 PM,-2,9,11,9,10,2,39,0.0,1029,16,10,265,8,buenos-aires
2020-08-22,19,10,0.0,11.0,4,20,09:54 AM,10:40 PM,07:26 AM,06:29 PM,1,13,14,13,14,0,42,0.0,1026,19,10,227,11,buenos-aires
2020-08-23,19,11,0.0,11.1,5,28,10:28 AM,11:49 PM,07:25 AM,06:30 PM,6,14,14,14,20,0,57,0.0,1020,19,10,28,16,buenos-aires
2020-08-24,22,13,0.0,11.1,5,35,11:04 AM,No moonset,07:23 AM,06:31 PM,11,16,17,16,20,12,70,0.0,1015,22,10,47,14,buenos-aires
2020-08-25,20,17,0.0,5.6,4,42,11:44 AM,12:58 AM,07:22 AM,06:32 PM,14,18,18,18,17,66,76,7.2,1010,20,10,58,11,buenos-aires
2020-08-26,22,17,0.0,5.6,4,50,12:27 PM,02:05 AM,07:21 AM,06:32 PM,18,19,20,19,17,87,92,37.6,1007,22,7,74,9,buenos-aires
2020-08-27,19,13,0.0,11.1,5,57,01:17 PM,03:11 AM,07:20 AM,06:33 PM,7,15,15,15,17,24,60,0.0,1017,19,10,131,13,buenos-aires
2020-08-28,17,14,0.0,5.6,4,64,02:11 PM,04:11 AM,07:18 AM,06:34 PM,12,15,15,15,12,81,80,0.0,1015,17,10,87,9,buenos-aires
2020-08-29,21,12,0.0,10.1,4,71,03:09 PM,05:06 AM,07:17 AM,06:34 PM,12,17,17,17,16,45,73,0.3,1014,21,10,144,13,buenos-aires
2020-08-30,15,9,0.0,11.2,4,79,04:09 PM,05:53 AM,07:16 AM,06:35 PM,-1,11,12,11,11,11,42,0.0,1024,15,10,151,10,buenos-aires
2020-08-31,15,9,0.0,7.1,3,82,05:10 PM,06:34 AM,07:14 AM,06:36 PM,0,11,11,11,13,70,47,0.0,1029,15,10,177,10,buenos-aires
2020-09-01,12,8,0.0,5.6,2,97,06:09 PM,07:10 AM,07:13 AM,06:36 PM,3,7,10,7,24,80,64,0.5,1033,12,9,107,19,buenos-aires
2020-09-02,10,2,0.0,5.6,2,100,07:07 PM,07:42 AM,07:12 AM,06:37 PM,7,7,9,7,24,100,83,17.0,1022,10,8,138,17,buenos-aires
2020-09-03,13,8,0.0,7.1,3,88,08:03 PM,08:10 AM,07:10 AM,06:38 PM,7,9,11,9,13,77,78,0.2,1016,13,10,254,10,buenos-aires
2020-09-04,19,9,0.0,10.1,3,81,08:58 PM,08:37 AM,07:09 AM,06:39 PM,8,12,13,12,10,20,71,0.0,1018,19,10,233,8,buenos-aires
2020-09-05,18,13,0.0,11.3,5,73,09:53 PM,09:04 AM,07:07 AM,06:39 PM,6,14,15,14,18,7,57,0.0,1022,18,10,99,14,buenos-aires
2020-09-06,16,11,0.0,11.3,4,66,10:48 PM,09:31 AM,07:06 AM,06:40 PM,4,11,13,11,23,1,56,0.0,1024,16,10,104,18,buenos-aires
2020-09-07,17,10,0.0,11.4,4,58,11:45 PM,10:00 AM,07:05 AM,06:41 PM,6,13,13,13,13,5,63,0.0,1025,17,10,99,11,buenos-aires
2020-09-08,16,12,0.0,8.6,3,50,No moonrise,10:31 AM,07:03 AM,06:41 PM,10,13,14,13,16,41,76,0.1,1020,16,10,60,12,buenos-aires
2020-09-09,21,14,0.0,10.1,4,43,12:41 AM,11:06 AM,07:02 AM,06:42 PM,11,17,17,17,10,56,72,0.3,1016,21,10,141,7,buenos-aires
2020-09-10,22,15,0.0,11.4,5,35,01:39 AM,11:47 AM,07:00 AM,06:43 PM,12,18,18,18,12,4,68,0.0,1017,22,10,99,10,buenos-aires
2020-09-11,21,15,0.0,7.3,4,28,02:37 AM,12:34 PM,06:59 AM,06:44 PM,11,17,18,17,14,67,72,2.0,1014,21,9,117,11,buenos-aires
2020-09-12,21,13,0.0,11.6,5,20,03:33 AM,01:29 PM,06:58 AM,06:44 PM,5,15,16,15,12,4,52,0.0,1018,21,10,93,10,buenos-aires
2020-09-13,22,13,0.0,11.6,5,13,04:26 AM,02:30 PM,06:56 AM,06:45 PM,8,17,18,17,14,8,56,0.0,1017,22,10,150,11,buenos-aires
2020-09-14,22,12,0.0,11.6,5,5,05:15 AM,03:37 PM,06:55 AM,06:46 PM,0,16,17,16,12,0,34,0.0,1027,22,10,172,10,buenos-aires
2020-09-15,19,10,0.0,11.6,4,0,05:59 AM,04:47 PM,06:53 AM,06:46 PM,3,14,15,14,13,11,48,0.0,1022,19,10,32,11,buenos-aires
2020-09-16,22,13,0.0,11.6,5,0,06:38 AM,05:58 PM,06:52 AM,06:47 PM,7,17,17,17,7,10,53,0.0,1016,22,10,117,6,buenos-aires
2020-09-17,24,15,0.0,11.6,5,0,07:15 AM,07:10 PM,06:50 AM,06:48 PM,9,19,19,19,12,5,54,0.0,1013,24,10,271,10,buenos-aires
2020-09-18,24,16,0.0,11.6,6,2,07:50 AM,08:21 PM,06:49 AM,06:49 PM,7,19,19,19,11,7,46,0.0,1012,24,10,221,9,buenos-aires
2020-09-19,16,7,0.0,11.6,4,10,08:24 AM,09:33 PM,06:48 AM,06:49 PM,-0,13,14,13,14,2,36,0.0,1022,16,10,216,13,buenos-aires
2020-09-20,20,10,0.0,11.6,5,17,09:01 AM,10:44 PM,06:46 AM,06:50 PM,2,14,15,14,13,0,40,0.0,1023,20,10,277,11,buenos-aires
2020-09-21,24,11,0.0,11.6,5,25,09:40 AM,11:55 PM,06:45 AM,06:51 PM,3,17,18,17,8,13,40,0.0,1024,24,10,101,6,buenos-aires
2020-09-22,20,10,0.0,8.8,3,32,10:23 AM,No moonset,06:43 AM,06:51 PM,3,14,15,14,16,47,48,0.0,1022,20,10,24,12,buenos-aires
2020-09-23,24,13,0.0,11.6,5,40,11:12 AM,01:03 AM,06:42 AM,06:52 PM,8,17,18,17,13,20,56,0.0,1021,24,10,41,10,buenos-aires
2020-09-24,22,14,0.0,8.8,4,47,12:06 PM,02:07 AM,06:40 AM,06:53 PM,11,18,18,18,16,38,63,0.0,1019,22,10,80,12,buenos-aires
2020-09-25,22,16,0.0,6.1,4,55,01:03 PM,03:04 AM,06:39 AM,06:54 PM,14,18,19,18,22,68,75,8.5,1015,22,9,100,16,buenos-aires
2020-09-26,19,16,0.0,6.1,4,62,02:03 PM,03:53 AM,06:38 AM,06:54 PM,16,17,17,17,21,95,90,28.0,1008,19,8,86,14,buenos-aires
2020-09-27,15,7,0.0,6.1,3,70,03:03 PM,04:35 AM,06:36 AM,06:55 PM,11,12,14,12,22,93,82,1.0,1006,15,9,238,16,buenos-aires
2020-09-28,22,12,0.0,11.6,5,78,04:02 PM,05:12 AM,06:35 AM,06:56 PM,6,16,17,16,12,4,53,0.0,1013,22,10,218,10,buenos-aires
2020-09-29,23,13,0.0,11.6,5,85,05:00 PM,05:45 AM,06:33 AM,06:57 PM,7,18,19,18,14,6,49,0.0,1012,23,10,16,12,buenos-aires
2020-09-30,28,18,0.0,11.6,6,93,05:56 PM,06:13 AM,06:32 AM,06:57 PM,14,23,23,22,9,1,60,0.0,1008,28,10,50,8,buenos-aires
2020-10-01,19,16,0.0,7.5,4,97,06:52 PM,06:41 AM,06:30 AM,06:58 PM,9,19,19,19,15,40,55,0.4,1009,19,10,164,12,buenos-aires
2020-10-02,17,11,0.0,11.6,4,100,07:47 PM,07:07 AM,06:29 AM,06:59 PM,3,12,14,12,25,0,48,0.0,1022,17,10,127,20,buenos-aires
2020-10-03,13,7,0.0,10.3,3,89,08:42 PM,07:34 AM,06:28 AM,07:00 PM,2,8,10,8,25,24,55,0.0,1030,13,10,120,20,buenos-aires
2020-10-04,17,10,0.0,9.0,3,82,09:38 PM,08:01 AM,06:26 AM,07:01 PM,6,12,13,12,22,66,62,0.7,1024,17,9,88,18,buenos-aires
2020-10-05,16,11,0.0,6.4,3,74,10:34 PM,08:31 AM,06:25 AM,07:01 PM,8,12,13,12,16,84,74,1.1,1016,16,8,190,13,buenos-aires
2020-10-06,22,11,0.0,11.6,5,67,11:32 PM,09:05 AM,06:24 AM,07:02 PM,8,16,16,16,5,19,62,0.0,1017,22,10,152,4,buenos-aires
2020-10-07,27,14,0.0,11.6,6,60,No moonrise,09:43 AM,06:22 AM,07:03 PM,12,21,21,21,7,6,61,0.0,1015,27,10,221,6,buenos-aires
2020-10-08,25,17,0.0,11.6,6,53,12:28 AM,10:26 AM,06:21 AM,07:04 PM,8,21,21,21,7,10,45,0.0,1016,25,10,105,6,buenos-aires
2020-10-09,23,16,0.0,11.6,5,45,01:25 AM,11:17 AM,06:19 AM,07:04 PM,8,20,20,20,16,7,48,0.0,1015,23,10,222,13,buenos-aires
2020-10-10,26,17,0.0,11.6,6,38,02:17 AM,12:14 PM,06:18 AM,07:05 PM,8,21,21,21,14,1,44,0.0,1015,26,10,178,11,buenos-aires
2020-10-11,20,14,0.0,9.0,4,31,03:06 AM,01:17 PM,06:17 AM,07:06 PM,10,16,17,16,26,67,65,2.0,1014,20,10,196,20,buenos-aires
2020-10-12,24,12,0.0,10.3,4,23,03:51 AM,02:23 PM,06:16 AM,07:07 PM,10,17,18,17,12,39,67,0.0,1017,24,10,161,11,buenos-aires
2020-10-13,28,17,0.0,11.6,6,16,04:31 AM,03:33 PM,06:14 AM,07:08 PM,10,22,22,22,7,4,51,0.0,1017,28,10,183,6,buenos-aires
2020-10-14,28,16,0.0,11.6,6,9,05:08 AM,04:43 PM,06:13 AM,07:09 PM,11,22,22,22,9,11,53,0.0,1016,28,10,65,7,buenos-aires
2020-10-15,25,16,0.0,11.6,5,2,05:43 AM,05:55 PM,06:12 AM,07:09 PM,13,20,21,20,14,40,64,0.0,1021,25,10,100,12,buenos-aires
2020-10-16,26,17,0.0,11.6,6,0,06:17 AM,07:08 PM,06:10 AM,07:10 PM,14,22,22,21,15,19,66,0.0,1019,26,10,70,12,buenos-aires
2020-10-17,29,18,0.0,7.8,5,0,06:53 AM,08:21 PM,06:09 AM,07:11 PM,16,24,24,23,14,52,66,2.9,1014,29,10,46,11,buenos-aires
2020-10-18,33,21,0.0,10.3,6,5,07:32 AM,09:35 PM,06:08 AM,07:12 PM,18,28,28,27,15,23,63,0.0,1009,33,10,61,11,buenos-aires
2020-10-19,29,22,0.0,6.5,6,13,08:14 AM,10:47 PM,06:07 AM,07:13 PM,19,28,28,26,26,55,70,8.5,1009,29,10,217,17,buenos-aires
2020-10-20,14,5,0.0,7.8,3,20,09:03 AM,11:56 PM,06:06 AM,07:14 PM,8,10,12,10,33,70,73,90.5,1021,14,7,124,23,buenos-aires
2020-10-21,16,11,0.0,6.6,3,27,09:56 AM,No moonset,06:04 AM,07:15 PM,8,13,15,13,28,70,65,5.6,1025,16,10,98,21,buenos-aires
2020-10-22,16,10,0.0,6.6,3,35,10:54 AM,12:57 AM,06:03 AM,07:16 PM,13,13,15,13,19,100,87,28.2,1021,16,6,84,14,buenos-aires
2020-10-23,24,17,0.0,9.1,5,42,11:55 AM,01:51 AM,06:02 AM,07:16 PM,16,19,20,19,14,80,83,2.8,1015,24,8,92,11,buenos-aires
2020-10-24,26,18,0.0,11.6,5,49,12:56 PM,02:36 AM,06:01 AM,07:17 PM,17,23,23,22,16,47,77,0.0,1011,26,9,92,12,buenos-aires
2020-10-25,23,14,0.0,8.2,5,56,01:56 PM,03:15 AM,06:00 AM,07:18 PM,18,19,21,19,15,76,87,30.8,1005,23,8,138,11,buenos-aires
2020-10-26,24,15,0.0,13.6,6,64,02:54 PM,03:48 AM,05:59 AM,07:19 PM,8,20,20,20,18,14,49,0.0,1012,24,10,156,15,buenos-aires
2020-10-27,26,17,0.0,13.6,6,71,03:51 PM,04:18 AM,05:58 AM,07:20 PM,5,21,21,21,10,2,38,0.0,1010,26,10,61,9,buenos-aires
2020-10-28,21,4,0.0,10.9,4,78,04:46 PM,04:45 AM,05:57 AM,07:21 PM,8,15,16,15,15,43,54,1.5,1011,21,9,164,13,buenos-aires
2020-10-29,20,12,0.0,13.7,5,85,05:41 PM,05:11 AM,05:56 AM,07:22 PM,7,15,16,15,16,11,58,0.0,1019,20,10,198,13,buenos-aires
2020-10-30,22,11,0.0,13.7,5,93,06:36 PM,05:38 AM,05:55 AM,07:23 PM,5,16,17,16,12,3,47,0.0,1026,22,10,112,11,buenos-aires
2020-10-31,25,16,0.0,13.7,6,97,07:32 PM,06:04 AM,05:54 AM,07:24 PM,7,20,20,20,10,1,45,0.0,1026,25,10,75,9,buenos-aires
2020-11-01,27,18,0.0,13.7,6,89,08:28 PM,06:33 AM,05:53 AM,07:25 PM,8,22,22,22,10,3,43,0.0,1023,27,10,94,9,buenos-aires
2020-11-02,25,17,0.0,13.7,6,81,09:26 PM,07:06 AM,05:52 AM,07:26 PM,10,21,21,21,13,15,51,0.0,1019,25,10,62,11,buenos-aires
2020-11-03,25,17,0.0,13.3,5,74,10:23 PM,07:42 AM,05:51 AM,07:27 PM,12,20,21,20,17,18,61,0.0,1019,25,10,77,14,buenos-aires
2020-11-04,23,15,0.0,13.8,5,66,11:20 PM,08:23 AM,05:50 AM,07:28 PM,9,19,20,19,23,12,55,0.0,1021,23,10,65,18,buenos-aires
2020-11-05,26,14,0.0,13.8,6,58,No moonrise,09:12 AM,05:49 AM,07:29 PM,8,20,20,20,20,5,48,0.0,1019,26,10,45,15,buenos-aires
2020-11-06,25,17,0.0,13.8,6,51,12:13 AM,10:05 AM,05:48 AM,07:30 PM,13,22,22,21,14,29,59,0.1,1018,25,10,66,12,buenos-aires
2020-11-07,26,19,0.0,13.3,5,43,01:03 AM,11:05 AM,05:47 AM,07:31 PM,14,22,22,22,16,41,62,2.8,1019,26,10,89,13,buenos-aires
2020-11-08,27,19,0.0,13.9,6,36,01:47 AM,12:08 PM,05:46 AM,07:32 PM,14,24,24,23,17,3,61,0.0,1020,27,10,80,15,buenos-aires
2020-11-09,24,18,0.0,12.2,5,28,02:27 AM,01:14 PM,05:46 AM,07:33 PM,12,21,21,21,18,50,59,0.0,1018,24,10,79,15,buenos-aires
2020-11-10,26,18,0.0,13.9,6,21,03:04 AM,02:22 PM,05:45 AM,07:33 PM,14,23,23,22,17,17,63,0.0,1016,26,10,74,13,buenos-aires
2020-11-11,27,19,0.0,13.9,6,13,03:39 AM,03:31 PM,05:44 AM,07:34 PM,12,23,23,22,16,4,54,0.0,1018,27,10,64,13,buenos-aires
2020-11-12,27,18,0.0,13.9,6,6,04:12 AM,04:41 PM,05:43 AM,07:35 PM,13,22,22,22,16,8,58,0.0,1016,27,10,68,13,buenos-aires
2020-11-13,29,18,0.0,13.9,7,0,04:46 AM,05:53 PM,05:43 AM,07:36 PM,14,24,24,24,14,8,59,0.0,1013,29,10,62,12,buenos-aires
2020-11-14,28,20,0.0,11.0,5,0,05:22 AM,07:07 PM,05:42 AM,07:37 PM,16,25,25,23,13,45,64,4.3,1011,28,10,131,10,buenos-aires
2020-11-15,27,17,0.0,14.0,6,0,06:02 AM,08:21 PM,05:41 AM,07:38 PM,11,22,22,22,16,25,52,0.2,1014,27,10,162,14,buenos-aires
2020-11-16,28,18,0.0,14.0,7,2,06:48 AM,09:34 PM,05:41 AM,07:39 PM,11,24,24,24,9,7,48,0.0,1015,28,10,106,8,buenos-aires
2020-11-17,30,18,0.0,14.0,6,9,07:41 AM,10:41 PM,05:40 AM,07:40 PM,9,23,23,24,10,16,40,0.0,1014,30,10,106,9,buenos-aires
2020-11-18,25,20,0.0,12.2,5,17,08:39 AM,11:41 PM,05:40 AM,07:41 PM,12,24,24,23,17,41,51,1.8,1015,25,10,86,14,buenos-aires
2020-11-19,25,18,0.0,14.0,6,24,09:41 AM,No moonset,05:39 AM,07:42 PM,8,21,21,21,15,14,45,0.0,1019,25,10,126,13,buenos-aires
2020-11-20,26,17,0.0,14.0,6,32,10:44 AM,12:32 AM,05:39 AM,07:43 PM,11,22,22,21,16,11,55,0.0,1018,26,10,73,13,buenos-aires
2020-11-21,28,19,0.0,14.1,7,39,11:47 AM,01:14 AM,05:38 AM,07:44 PM,12,24,24,23,17,7,52,0.0,1016,28,10,58,14,buenos-aires
2020-11-22,32,19,0.0,14.1,7,47,12:46 PM,01:50 AM,05:38 AM,07:45 PM,12,25,25,25,18,7,46,0.0,1017,32,10,39,14,buenos-aires
2020-11-23,34,20,0.0,14.1,7,54,01:44 PM,02:21 AM,05:37 AM,07:46 PM,10,28,28,27,22,4,39,0.0,1014,34,10,38,17,buenos-aires
2020-11-24,30,23,0.0,12.2,6,62,02:40 PM,02:49 AM,05:37 AM,07:47 PM,16,27,27,26,20,40,52,0.9,1009,30,10,77,14,buenos-aires
2020-11-25,33,22,0.0,10.0,6,70,03:35 PM,03:16 AM,05:37 AM,07:48 PM,17,29,29,27,13,57,56,10.6,1008,33,9,194,10,buenos-aires
2020-11-26,29,22,0.0,14.1,7,77,04:30 PM,03:42 AM,05:36 AM,07:49 PM,11,27,27,27,15,4,45,0.0,1013,29,10,169,13,buenos-aires
2020-11-27,33,19,0.0,14.1,7,85,05:25 PM,04:08 AM,05:36 AM,07:50 PM,10,26,26,26,18,2,39,0.0,1014,33,10,48,14,buenos-aires
2020-11-28,35,22,0.0,14.2,7,92,06:21 PM,04:36 AM,05:36 AM,07:51 PM,16,29,29,28,19,18,52,1.5,1011,35,10,61,15,buenos-aires
2020-11-29,35,25,0.0,13.4,7,100,07:20 PM,05:07 AM,05:36 AM,07:52 PM,17,31,31,30,10,19,52,0.3,1010,35,10,206,9,buenos-aires
2020-11-30,25,16,0.0,14.2,6,100,08:17 PM,05:42 AM,05:35 AM,07:53 PM,10,21,21,21,20,23,52,0.4,1017,25,10,116,17,buenos-aires
2020-12-01,32,17,0.0,14.2,6,89,09:15 PM,06:22 AM,05:35 AM,07:53 PM,13,24,24,24,15,13,53,2.8,1014,32,10,129,12,buenos-aires
2020-12-02,30,22,0.0,14.2,6,82,10:10 PM,07:08 AM,05:35 AM,07:54 PM,14,27,27,26,12,31,48,0.3,1008,30,10,93,10,buenos-aires
2020-12-03,35,20,0.0,14.2,7,75,11:01 PM,08:01 AM,05:35 AM,07:55 PM,8,28,28,28,12,27,39,4.8,1008,35,10,130,9,buenos-aires
2020-12-04,25,17,0.0,14.2,6,67,11:47 PM,08:59 AM,05:35 AM,07:56 PM,5,21,21,21,21,11,36,0.0,1019,25,10,165,17,buenos-aires
2020-12-05,27,17,0.0,14.2,6,60,No moonrise,10:01 AM,05:35 AM,07:57 PM,8,22,22,22,11,7,43,0.0,1025,27,10,94,10,buenos-aires
2020-12-06,26,18,0.0,14.2,6,53,12:28 AM,11:05 AM,05:35 AM,07:58 PM,7,21,21,22,14,1,43,0.0,1021,26,10,66,12,buenos-aires
2020-12-07,28,19,0.0,14.2,6,46,01:05 AM,12:10 PM,05:35 AM,07:58 PM,10,23,23,23,14,2,46,0.0,1018,28,10,52,12,buenos-aires
2020-12-08,30,19,0.0,14.2,7,38,01:39 AM,01:16 PM,05:35 AM,07:59 PM,14,25,25,24,16,10,54,0.0,1015,30,10,53,13,buenos-aires
2020-12-09,37,21,0.0,14.5,8,31,02:11 AM,02:22 PM,05:35 AM,08:00 PM,14,29,29,28,13,8,44,0.0,1013,37,10,208,10,buenos-aires
2020-12-10,37,24,0.0,14.5,8,24,02:43 AM,03:31 PM,05:35 AM,08:01 PM,12,30,30,31,21,4,36,0.0,1006,37,10,183,16,buenos-aires
2020-12-11,27,21,0.0,12.4,5,17,03:17 AM,04:41 PM,05:36 AM,08:01 PM,10,26,26,25,18,42,38,0.5,1006,27,10,233,14,buenos-aires
2020-12-12,38,26,0.0,14.5,8,9,03:53 AM,05:54 PM,05:36 AM,08:02 PM,3,30,30,31,10,5,18,0.0,1006,38,10,143,8,buenos-aires
2020-12-13,24,17,0.0,11.3,5,2,04:35 AM,07:07 PM,05:36 AM,08:03 PM,10,21,23,21,20,56,45,11.4,1008,24,9,223,15,buenos-aires
2020-12-14,33,19,0.0,14.5,7,0,05:24 AM,08:18 PM,05:36 AM,08:03 PM,6,26,26,27,18,0,31,0.0,1008,33,10,297,15,buenos-aires
2020-12-15,25,20,0.0,14.5,5,0,06:19 AM,09:23 PM,05:37 AM,08:04 PM,11,24,24,23,22,22,46,0.1,1008,25,10,164,18,buenos-aires
2020-12-16,38,19,0.0,14.5,7,5,07:21 AM,10:19 PM,05:37 AM,08:05 PM,10,28,28,27,14,0,42,0.0,1013,38,10,41,12,buenos-aires
2020-12-17,38,22,0.0,14.5,8,12,08:25 AM,11:07 PM,05:37 AM,08:05 PM,10,29,29,30,18,3,34,0.0,1011,38,10,70,14,buenos-aires
2020-12-18,35,24,0.0,14.5,8,20,09:30 AM,11:47 PM,05:38 AM,08:06 PM,12,29,29,29,19,9,38,0.0,1004,35,10,82,15,buenos-aires
2020-12-19,31,21,0.0,13.4,6,27,10:33 AM,No moonset,05:38 AM,08:06 PM,12,26,26,26,21,39,46,1.9,1000,31,10,216,18,buenos-aires
2020-12-20,27,16,0.0,14.5,6,34,11:33 AM,12:21 AM,05:39 AM,08:07 PM,5,21,21,22,25,2,35,0.0,1009,27,10,221,20,buenos-aires
2020-12-21,30,20,0.0,14.5,7,41,12:30 PM,12:51 AM,05:39 AM,08:07 PM,5,24,24,24,13,2,30,0.0,1015,30,10,161,11,buenos-aires
2020-12-22,36,21,0.0,14.5,7,49,01:27 PM,01:18 AM,05:39 AM,08:08 PM,6,29,29,28,15,0,28,0.0,1014,36,10,160,12,buenos-aires
2020-12-23,37,23,0.0,14.5,8,56,02:21 PM,01:44 AM,05:40 AM,08:08 PM,8,29,29,30,16,1,26,0.0,1011,37,10,201,13,buenos-aires
2020-12-24,34,23,0.0,14.5,7,63,03:17 PM,02:10 AM,05:41 AM,08:09 PM,12,28,28,29,16,7,37,0.0,1011,34,10,56,14,buenos-aires
2020-12-25,34,23,0.0,14.5,7,70,04:12 PM,02:37 AM,05:41 AM,08:09 PM,16,29,29,28,17,16,52,0.0,1012,34,10,76,14,buenos-aires
2020-12-26,33,24,0.0,14.5,7,78,05:10 PM,03:07 AM,05:42 AM,08:09 PM,16,28,28,27,22,5,51,0.0,1013,33,10,79,18,buenos-aires
2020-12-27,33,23,0.0,14.5,7,85,06:08 PM,03:41 AM,05:42 AM,08:10 PM,16,28,28,27,21,3,51,0.0,1014,33,10,81,17,buenos-aires
2020-12-28,33,24,0.0,14.5,7,92,07:06 PM,04:18 AM,05:43 AM,08:10 PM,17,29,29,28,22,7,53,0.0,1013,33,10,78,17,buenos-aires
2020-12-29,36,25,0.0,14.5,8,100,08:03 PM,05:03 AM,05:44 AM,08:10 PM,17,31,31,30,14,21,49,0.3,1008,36,10,49,12,buenos-aires
2020-12-30,31,22,0.0,13.4,6,100,08:57 PM,05:54 AM,05:44 AM,08:10 PM,10,28,28,28,24,19,37,6.4,1004,31,10,192,18,buenos-aires
2020-12-31,32,19,0.0,14.5,7,89,09:45 PM,06:51 AM,05:45 AM,08:11 PM,3,24,24,25,16,3,26,0.0,1012,32,10,168,13,buenos-aires
2021-01-01,36,24,0.0,14.5,8,79,10:28 PM,07:53 AM,05:46 AM,08:11 PM,5,29,29,30,11,4,22,0.0,1012,36,10,195,9,buenos-aires
2021-01-02,35,23,0.0,14.5,8,71,11:07 PM,08:58 AM,05:47 AM,08:11 PM,10,28,28,28,19,1,33,0.0,1014,35,10,62,15,buenos-aires
2021-01-03,34,23,0.0,14.5,7,64,11:41 PM,10:03 AM,05:48 AM,08:11 PM,10,29,29,29,18,4,33,0.0,1012,34,10,57,15,buenos-aires
2021-01-04,37,24,0.0,14.5,7,57,No moonrise,11:09 AM,05:48 AM,08:11 PM,14,29,29,29,13,29,42,0.0,1009,37,10,107,10,buenos-aires
2021-01-05,33,24,0.0,13.4,6,50,12:13 AM,12:14 PM,05:49 AM,08:11 PM,17,30,30,28,14,37,57,24.4,1009,33,9,144,10,buenos-aires
2021-01-06,30,20,0.0,11.3,6,42,12:44 AM,01:20 PM,05:50 AM,08:11 PM,16,26,26,25,16,60,61,0.4,1011,30,10,174,14,buenos-aires
2021-01-07,34,20,0.0,14.5,7,35,01:16 AM,02:27 PM,05:51 AM,08:11 PM,9,27,27,26,16,6,36,0.0,1007,34,10,217,14,buenos-aires
2021-01-08,34,25,0.0,14.5,7,28,01:50 AM,03:36 PM,05:52 AM,08:11 PM,8,28,28,29,16,9,28,0.0,1009,34,10,179,13,buenos-aires
2021-01-09,32,22,0.0,13.4,6,20,02:28 AM,04:47 PM,05:53 AM,08:11 PM,13,27,27,26,18,36,48,0.4,1011,32,10,83,15,buenos-aires
2021-01-10,35,24,0.0,9.1,6,13,03:12 AM,05:57 PM,05:53 AM,08:11 PM,16,30,30,29,22,82,52,3.6,1007,35,9,62,17,buenos-aires
2021-01-11,32,24,0.0,10.2,6,6,04:03 AM,07:04 PM,05:54 AM,08:11 PM,18,28,28,27,22,71,59,16.9,1006,32,8,195,15,buenos-aires
2021-01-12,29,18,0.0,14.5,6,0,05:01 AM,08:04 PM,05:55 AM,08:11 PM,3,23,23,23,21,2,30,0.0,1016,29,10,118,17,buenos-aires
2021-01-13,31,19,0.0,14.5,7,0,06:04 AM,08:56 PM,05:56 AM,08:10 PM,6,25,25,25,22,10,32,0.0,1019,31,10,65,17,buenos-aires
2021-01-14,31,20,0.0,14.5,7,1,07:10 AM,09:40 PM,05:57 AM,08:10 PM,7,25,25,25,25,1,34,0.0,1017,31,10,66,20,buenos-aires
2021-01-15,28,20,0.0,12.3,6,8,08:15 AM,10:17 PM,05:58 AM,08:10 PM,15,26,26,24,21,38,52,1.9,1010,28,10,39,17,buenos-aires
2021-01-16,31,23,0.0,10.2,6,16,09:18 AM,10:49 PM,05:59 AM,08:10 PM,19,28,28,26,16,59,65,46.2,1004,31,8,149,10,buenos-aires
2021-01-17,30,21,0.0,14.1,7,23,10:17 AM,11:18 PM,06:00 AM,08:09 PM,8,25,25,25,18,5,40,0.0,1009,30,10,198,16,buenos-aires
2021-01-18,33,23,0.0,11.6,7,30,11:15 AM,11:45 PM,06:01 AM,08:09 PM,9,27,27,27,12,0,35,0.0,1014,33,10,153,10,buenos-aires
2021-01-19,38,23,0.0,11.6,8,38,12:11 PM,No moonset,06:02 AM,08:09 PM,9,30,30,30,14,0,28,0.0,1015,38,10,167,12,buenos-aires
2021-01-20,36,25,0.0,11.6,8,45,01:07 PM,12:11 AM,06:03 AM,08:08 PM,10,29,29,30,17,3,29,0.0,1017,36,10,92,14,buenos-aires
2021-01-21,35,25,0.0,11.6,8,52,02:02 PM,12:38 AM,06:04 AM,08:08 PM,12,29,29,29,21,1,37,0.0,1018,35,10,61,17,buenos-aires
2021-01-22,34,23,0.0,11.6,7,59,02:59 PM,01:06 AM,06:05 AM,08:07 PM,14,28,28,28,20,1,44,0.0,1018,34,10,65,16,buenos-aires
2021-01-23,36,25,0.0,11.6,8,67,03:56 PM,01:38 AM,06:06 AM,08:07 PM,18,32,32,31,18,4,51,0.0,1013,36,10,60,14,buenos-aires
2021-01-24,38,27,0.0,11.6,8,74,04:54 PM,02:13 AM,06:07 AM,08:06 PM,15,33,33,32,17,5,40,0.0,1009,38,10,57,14,buenos-aires
2021-01-25,42,26,0.0,11.6,8,81,05:52 PM,02:55 AM,06:08 AM,08:06 PM,15,34,34,33,15,4,37,0.0,1005,42,10,83,12,buenos-aires
2021-01-26,40,29,0.0,9.3,7,88,06:47 PM,03:44 AM,06:09 AM,08:05 PM,17,35,35,33,13,40,41,6.1,1003,40,10,211,10,buenos-aires
2021-01-27,39,28,0.0,11.6,8,96,07:38 PM,04:39 AM,06:10 AM,08:04 PM,16,34,34,33,11,28,42,0.2,1003,39,10,143,9,buenos-aires
2021-01-28,33,25,0.0,8.1,6,100,08:24 PM,05:40 AM,06:11 AM,08:04 PM,15,29,29,28,13,55,45,1.8,1004,33,10,135,10,buenos-aires
2021-01-29,32,21,0.0,10.4,6,90,09:05 PM,06:45 AM,06:12 AM,08:03 PM,16,27,27,25,11,51,55,33.5,1005,32,9,217,9,buenos-aires
2021-01-30,26,19,0.0,6.9,5,82,09:42 PM,07:52 AM,06:13 AM,08:02 PM,16,25,25,24,20,65,62,50.6,1009,26,8,115,15,buenos-aires
2021-01-31,21,17,0.0,6.9,5,79,10:15 PM,08:59 AM,06:14 AM,08:02 PM,15,20,21,20,27,95,74,4.2,1015,21,8,118,20,buenos-aires
2021-02-01,26,19,0.0,8.1,5,63,10:47 PM,10:06 AM,06:15 AM,08:01 PM,16,23,23,22,17,86,72,26.7,1010,26,8,147,13,buenos-aires
2021-02-02,26,19,0.0,8.1,5,55,11:19 PM,11:13 AM,06:16 AM,08:00 PM,16,23,23,22,15,83,70,0.3,1011,26,10,198,12,buenos-aires
2021-02-03,29,20,0.0,9.2,6,48,11:52 PM,12:20 PM,06:17 AM,07:59 PM,16,25,25,24,15,50,63,2.0,1014,29,10,164,12,buenos-aires
2021-02-04,28,19,0.0,7.9,5,40,No moonrise,01:28 PM,06:18 AM,07:58 PM,15,25,25,24,14,64,58,3.0,1015,28,10,156,12,buenos-aires
2021-02-05,29,21,0.0,11.6,7,33,12:28 AM,02:36 PM,06:19 AM,07:58 PM,12,26,26,25,10,1,44,0.0,1014,29,10,146,9,buenos-aires
2021-02-06,36,22,0.0,11.6,7,25,01:09 AM,03:45 PM,06:20 AM,07:57 PM,13,29,29,29,10,0,39,0.0,1012,36,10,275,9,buenos-aires
2021-02-07,36,26,0.0,11.6,8,18,01:56 AM,04:51 PM,06:21 AM,07:56 PM,12,31,31,31,10,1,35,0.0,1013,36,10,289,9,buenos-aires
2021-02-08,25,22,0.0,9.1,5,10,02:49 AM,05:53 PM,06:22 AM,07:55 PM,17,25,25,23,25,61,66,0.0,1016,25,10,107,21,buenos-aires
2021-02-09,27,20,0.0,9.1,5,3,03:49 AM,06:47 PM,06:23 AM,07:54 PM,15,23,23,22,20,58,62,2.2,1019,27,10,116,16,buenos-aires
2021-02-10,30,21,0.0,11.6,7,0,04:53 AM,07:34 PM,06:24 AM,07:53 PM,15,26,26,24,19,45,58,0.0,1017,30,10,113,15,buenos-aires
2021-02-11,29,23,0.0,7.9,6,0,05:58 AM,08:13 PM,06:25 AM,07:52 PM,17,27,27,25,18,74,63,9.9,1013,29,9,96,13,buenos-aires
2021-02-12,29,22,0.0,9.1,6,0,07:02 AM,08:47 PM,06:26 AM,07:51 PM,17,27,27,25,18,53,63,3.9,1012,29,10,67,14,buenos-aires
2021-02-13,31,23,0.0,7.9,6,5,08:03 AM,09:17 PM,06:27 AM,07:50 PM,17,28,28,27,12,56,60,14.1,1009,31,9,86,9,buenos-aires
2021-02-14,28,23,0.0,10.4,6,12,09:02 AM,09:45 PM,06:28 AM,07:49 PM,17,26,26,25,13,35,64,3.7,1006,28,10,212,10,buenos-aires
2021-02-15,31,22,0.0,11.6,7,20,09:59 AM,10:11 PM,06:29 AM,07:48 PM,16,28,28,27,13,19,53,0.0,1009,31,10,162,11,buenos-aires
2021-02-16,29,18,0.0,11.6,6,27,10:55 AM,10:37 PM,06:30 AM,07:47 PM,10,24,24,23,16,17,46,0.0,1011,29,10,185,13,buenos-aires
2021-02-17,29,19,0.0,11.6,6,35,11:51 AM,11:05 PM,06:31 AM,07:46 PM,14,25,25,23,15,11,55,0.0,1009,29,10,183,13,buenos-aires
2021-02-18,36,22,0.0,11.6,7,42,12:47 PM,11:36 PM,06:32 AM,07:45 PM,12,30,30,29,9,3,39,0.0,1008,36,10,238,7,buenos-aires
2021-02-19,30,22,0.0,11.6,7,50,01:45 PM,No moonset,06:33 AM,07:43 PM,8,27,27,26,18,31,31,0.1,1011,30,10,240,14,buenos-aires
2021-02-20,34,22,0.0,11.6,7,58,02:42 PM,12:09 AM,06:34 AM,07:42 PM,-2,26,26,27,8,1,15,0.0,1016,34,10,155,7,buenos-aires
2021-02-21,35,21,0.0,11.6,7,65,03:39 PM,12:47 AM,06:35 AM,07:41 PM,9,27,27,28,19,10,33,0.0,1012,35,10,139,15,buenos-aires
2021-02-22,35,24,0.0,9.1,7,73,04:35 PM,01:33 AM,06:36 AM,07:40 PM,15,30,30,30,16,66,47,12.1,1009,35,9,241,12,buenos-aires
2021-02-23,32,23,0.0,10.3,6,80,05:28 PM,02:24 AM,06:37 AM,07:39 PM,17,27,27,26,14,50,63,1.2,1011,32,10,105,12,buenos-aires
2021-02-24,35,22,0.0,11.6,7,88,06:15 PM,03:23 AM,06:38 AM,07:38 PM,9,28,28,28,10,0,32,0.0,1014,35,10,170,9,buenos-aires
2021-02-25,40,25,0.0,11.6,8,95,06:59 PM,04:26 AM,06:38 AM,07:36 PM,10,30,30,31,13,0,28,0.0,1012,40,10,148,11,buenos-aires
2021-02-26,35,25,0.0,11.6,8,100,07:38 PM,05:34 AM,06:39 AM,07:35 PM,10,29,29,29,20,0,32,0.0,1013,35,10,39,15,buenos-aires
2021-02-27,31,23,0.0,11.6,7,90,08:13 PM,06:42 AM,06:40 AM,07:34 PM,15,27,27,27,24,4,49,0.0,1018,31,10,68,19,buenos-aires
2021-02-28,31,22,0.0,10.3,6,82,08:46 PM,07:51 AM,06:41 AM,07:33 PM,16,27,27,26,24,22,53,0.0,1016,31,10,65,19,buenos-aires
2021-03-01,33,23,0.0,11.6,7,79,09:19 PM,09:00 AM,06:42 AM,07:31 PM,17,28,28,27,19,16,54,0.0,1013,33,10,59,15,buenos-aires
2021-03-02,33,25,0.0,11.6,7,72,09:52 PM,10:09 AM,06:43 AM,07:30 PM,18,30,30,28,17,6,58,0.0,1013,33,10,75,14,buenos-aires
2021-03-03,31,24,0.0,10.3,6,65,10:27 PM,11:19 AM,06:44 AM,07:29 PM,20,28,28,27,18,26,68,0.0,1014,31,10,92,14,buenos-aires
2021-03-04,32,24,0.0,9.0,6,57,11:08 PM,12:29 PM,06:45 AM,07:27 PM,20,29,29,27,14,69,65,2.0,1011,32,10,94,11,buenos-aires
2021-03-05,30,24,0.0,11.6,7,50,11:53 PM,01:39 PM,06:46 AM,07:26 PM,18,28,28,26,13,8,60,0.0,1010,30,10,144,11,buenos-aires
2021-03-06,34,21,0.0,11.6,7,43,No moonrise,02:46 PM,06:46 AM,07:25 PM,14,28,28,27,8,4,50,0.0,1012,34,10,115,7,buenos-aires
2021-03-07,37,22,0.0,11.6,8,35,12:44 AM,03:48 PM,06:47 AM,07:23 PM,14,29,29,29,10,2,45,0.0,1011,37,10,77,9,buenos-aires
2021-03-08,26,16,0.0,11.6,6,28,01:42 AM,04:43 PM,06:48 AM,07:22 PM,14,25,25,23,13,21,51,0.0,1013,26,10,110,11,buenos-aires
2021-03-09,32,22,0.0,11.6,7,21,02:43 AM,05:31 PM,06:49 AM,07:21 PM,16,27,27,26,17,20,58,0.0,1015,32,10,81,13,buenos-aires
2021-03-10,31,21,0.0,11.6,7,14,03:47 AM,06:11 PM,06:50 AM,07:19 PM,15,26,26,25,17,21,57,0.0,1013,31,10,63,14,buenos-aires
2021-03-11,36,23,0.0,11.6,7,6,04:50 AM,06:46 PM,06:51 AM,07:18 PM,12,28,28,28,12,13,40,0.0,1011,36,10,114,9,buenos-aires
2021-03-12,33,23,0.0,11.6,7,0,05:52 AM,07:18 PM,06:52 AM,07:17 PM,17,28,28,27,10,23,54,0.0,1013,33,10,127,9,buenos-aires
2021-03-13,34,21,0.0,11.6,7,0,06:51 AM,07:46 PM,06:52 AM,07:15 PM,10,27,27,26,16,7,41,0.0,1015,34,10,81,13,buenos-aires
2021-03-14,35,23,0.0,10.3,6,1,07:49 AM,08:12 PM,06:53 AM,07:14 PM,11,28,28,28,13,25,36,1.1,1015,35,10,220,10,buenos-aires
2021-03-15,35,24,0.0,11.6,7,8,08:45 AM,08:38 PM,06:54 AM,07:13 PM,9,28,28,29,15,15,32,0.0,1013,35,10,150,12,buenos-aires
2021-03-16,23,20,0.0,7.6,5,15,09:42 AM,09:06 PM,06:55 AM,07:11 PM,15,24,24,22,15,81,63,15.8,1010,23,8,87,11,buenos-aires
2021-03-17,23,17,0.0,6.3,5,23,10:38 AM,09:35 PM,06:56 AM,07:10 PM,15,20,21,20,22,96,75,11.7,1013,23,9,170,17,buenos-aires
2021-03-18,24,14,0.0,11.6,5,30,11:35 AM,10:06 PM,06:56 AM,07:08 PM,7,18,19,18,14,5,49,0.0,1018,24,10,188,11,buenos-aires
2021-03-19,25,17,0.0,11.6,6,37,12:31 PM,10:42 PM,06:57 AM,07:07 PM,10,21,22,21,11,17,50,0.0,1016,25,10,67,9,buenos-aires
2021-03-20,20,13,0.0,6.2,4,44,01:29 PM,11:24 PM,06:58 AM,07:06 PM,16,18,19,18,17,87,79,53.3,1013,20,8,115,13,buenos-aires
2021-03-21,29,18,0.0,11.6,6,52,02:24 PM,No moonset,06:59 AM,07:04 PM,14,24,24,23,11,2,60,0.0,1020,29,10,153,10,buenos-aires
2021-03-22,27,19,0.0,11.6,6,59,03:17 PM,12:12 AM,07:00 AM,07:03 PM,14,23,23,22,12,39,60,0.0,1020,27,10,101,9,buenos-aires
2021-03-23,30,20,0.0,11.6,7,66,04:06 PM,01:06 AM,07:01 AM,07:01 PM,15,26,26,25,7,5,57,0.0,1017,30,10,83,6,buenos-aires
2021-03-24,29,21,0.0,10.2,5,73,04:51 PM,02:07 AM,07:01 AM,07:00 PM,16,26,26,24,14,24,60,0.0,1016,29,10,61,11,buenos-aires
2021-03-25,23,22,0.0,5.8,5,81,05:31 PM,03:12 AM,07:02 AM,06:59 PM,18,25,25,22,15,70,77,0.9,1013,23,10,59,12,buenos-aires
2021-03-26,24,21,0.0,5.8,5,88,06:07 PM,04:19 AM,07:03 AM,06:57 PM,19,22,24,22,12,93,85,4.3,1010,24,5,91,9,buenos-aires
2021-03-27,26,21,0.0,8.7,5,95,06:41 PM,05:28 AM,07:04 AM,06:56 PM,17,24,24,23,17,67,72,4.7,1008,26,10,217,13,buenos-aires
2021-03-28,24,17,0.0,10.1,5,100,07:15 PM,06:38 AM,07:04 AM,06:54 PM,12,20,22,20,19,25,60,0.0,1010,24,10,243,16,buenos-aires
2021-03-29,22,17,0.0,5.7,4,100,07:48 PM,07:49 AM,07:05 AM,06:53 PM,16,19,19,19,14,92,87,0.6,1015,22,8,183,11,buenos-aires
2021-03-30,25,14,0.0,11.5,6,83,08:23 PM,09:01 AM,07:06 AM,06:52 PM,15,19,20,19,11,9,76,0.0,1018,25,10,130,8,buenos-aires
2021-03-31,22,16,0.0,10.1,4,79,09:03 PM,10:13 AM,07:07 AM,06:50 PM,14,19,20,19,10,26,71,0.0,1019,22,10,94,8,buenos-aires
2021-04-01,23,16,0.0,11.4,6,63,09:48 PM,11:27 AM,07:08 AM,06:49 PM,14,19,20,19,13,35,72,0.1,1018,23,10,83,9,buenos-aires
2021-04-02,24,18,0.0,11.4,5,56,10:38 PM,12:37 PM,07:08 AM,06:47 PM,13,20,21,20,14,47,67,0.2,1019,24,10,80,10,buenos-aires
2021-04-03,25,17,0.0,11.4,6,48,11:36 PM,01:43 PM,07:09 AM,06:46 PM,15,21,21,21,13,25,70,0.0,1019,25,10,67,9,buenos-aires
2021-04-04,26,18,0.0,11.4,6,41,No moonrise,02:41 PM,07:10 AM,06:45 PM,16,22,22,22,13,11,72,0.0,1017,26,10,73,9,buenos-aires
2021-04-05,28,19,0.0,11.3,6,33,12:36 AM,03:31 PM,07:11 AM,06:43 PM,17,24,24,23,13,19,71,0.0,1016,28,10,89,9,buenos-aires
2021-04-06,28,20,0.0,11.3,6,26,01:40 AM,04:13 PM,07:11 AM,06:42 PM,18,25,25,23,15,12,71,0.0,1017,28,10,78,11,buenos-aires
2021-04-07,29,20,0.0,11.3,6,18,02:43 AM,04:49 PM,07:12 AM,06:41 PM,18,26,26,24,17,40,71,0.0,1015,29,10,53,12,buenos-aires
2021-04-08,30,22,0.0,11.3,7,11,03:45 AM,05:21 PM,07:13 AM,06:39 PM,17,27,27,25,20,25,62,0.4,1011,30,10,142,14,buenos-aires
2021-04-09,23,21,0.0,5.6,5,3,04:44 AM,05:49 PM,07:14 AM,06:38 PM,21,24,24,22,11,93,95,28.0,1010,23,7,197,7,buenos-aires
2021-04-10,22,15,0.0,5.6,5,0,05:42 AM,06:15 PM,07:15 AM,06:37 PM,20,20,21,20,14,98,96,7.4,1008,22,9,194,10,buenos-aires
2021-04-11,21,14,0.0,11.2,4,0,06:38 AM,06:41 PM,07:15 AM,06:35 PM,13,15,17,15,25,44,76,1.2,1012,21,10,236,19,buenos-aires
2021-04-12,25,17,0.0,11.2,6,0,07:34 AM,07:08 PM,07:16 AM,06:34 PM,15,19,20,19,7,0,71,0.0,1019,25,10,294,6,buenos-aires
2021-04-13,27,17,0.0,11.2,6,4,08:30 AM,07:36 PM,07:17 AM,06:33 PM,16,21,22,21,6,0,73,0.0,1022,27,10,225,6,buenos-aires
2021-04-14,24,17,0.0,11.1,6,12,09:27 AM,08:06 PM,07:18 AM,06:32 PM,16,20,21,20,11,1,79,0.0,1018,24,10,48,9,buenos-aires
2021-04-15,28,19,0.0,11.1,6,19,10:24 AM,08:40 PM,07:19 AM,06:30 PM,18,25,25,23,6,2,76,0.0,1015,28,10,75,5,buenos-aires
2021-04-16,29,18,0.0,11.1,5,27,11:21 AM,09:20 PM,07:19 AM,06:29 PM,19,25,25,23,7,7,78,0.0,1015,29,9,109,5,buenos-aires
2021-04-17,25,18,0.0,10.1,5,34,12:17 PM,10:05 PM,07:20 AM,06:28 PM,18,21,22,21,10,49,83,0.0,1017,25,8,75,7,buenos-aires
2021-04-18,25,17,0.0,11.1,6,42,01:11 PM,10:56 PM,07:21 AM,06:27 PM,16,21,22,21,13,4,75,0.0,1018,25,10,45,10,buenos-aires
2021-04-19,24,17,0.0,11.0,6,50,02:00 PM,11:53 PM,07:22 AM,06:25 PM,15,20,21,20,18,10,73,0.0,1018,24,10,49,13,buenos-aires
2021-04-20,24,17,0.0,11.0,6,57,02:45 PM,No moonset,07:22 AM,06:24 PM,15,20,21,20,22,3,71,0.0,1020,24,10,61,16,buenos-aires
2021-04-21,23,18,0.0,5.5,5,65,03:26 PM,12:54 AM,07:23 AM,06:23 PM,15,20,21,20,30,67,75,0.1,1018,23,10,66,21,buenos-aires
2021-04-22,23,18,0.0,10.1,5,72,04:03 PM,01:59 AM,07:24 AM,06:22 PM,16,20,21,20,17,47,78,0.0,1016,23,10,51,12,buenos-aires
2021-04-23,19,9,0.0,5.5,4,80,04:37 PM,03:05 AM,07:25 AM,06:21 PM,17,17,17,17,13,88,91,27.4,1014,19,8,45,9,buenos-aires
2021-04-24,22,17,0.0,7.0,4,87,05:09 PM,04:13 AM,07:26 AM,06:20 PM,15,18,19,18,13,67,82,3.6,1015,22,6,200,9,buenos-aires
2021-04-25,18,14,0.0,10.1,4,95,05:42 PM,05:23 AM,07:26 AM,06:18 PM,11,16,17,16,14,32,70,0.0,1019,18,10,197,11,buenos-aires
2021-04-26,22,13,0.0,10.9,5,100,06:16 PM,06:34 AM,07:27 AM,06:17 PM,12,17,17,17,6,16,69,0.0,1020,22,10,142,5,buenos-aires
2021-04-27,24,17,0.0,10.9,6,100,06:54 PM,07:48 AM,07:28 AM,06:16 PM,14,20,21,20,5,0,69,0.0,1019,24,10,247,4,buenos-aires
2021-04-28,25,16,0.0,10.9,6,83,07:38 PM,09:03 AM,07:29 AM,06:15 PM,14,20,21,20,7,0,70,0.0,1021,25,10,240,6,buenos-aires
2021-04-29,25,16,0.0,10.9,6,75,08:27 PM,10:18 AM,07:29 AM,06:14 PM,14,20,21,20,9,0,68,0.0,1021,25,10,256,8,buenos-aires
2021-04-30,24,16,0.0,10.8,6,67,09:24 PM,11:29 AM,07:30 AM,06:13 PM,13,20,20,20,10,0,66,0.0,1020,24,10,102,9,buenos-aires
2021-05-01,25,17,0.0,10.8,6,65,10:26 PM,12:33 PM,07:31 AM,06:12 PM,13,20,21,20,12,9,64,0.0,1016,25,10,24,9,buenos-aires
2021-05-02,27,17,0.0,10.8,6,58,11:31 PM,01:28 PM,07:32 AM,06:11 PM,13,21,22,21,14,12,61,0.0,1012,27,10,69,9,buenos-aires
2021-05-03,22,16,0.0,5.4,5,50,No moonrise,02:14 PM,07:33 AM,06:10 PM,15,20,20,20,14,79,77,11.2,1012,22,9,247,9,buenos-aires
2021-05-04,16,13,0.0,10.8,4,43,12:35 AM,02:52 PM,07:33 AM,06:09 PM,9,14,14,14,18,26,70,4.4,1022,16,10,179,14,buenos-aires
2021-05-05,13,9,0.0,6.9,3,36,01:38 AM,03:25 PM,07:34 AM,06:08 PM,3,10,11,10,13,71,60,0.2,1026,13,10,199,10,buenos-aires
2021-05-06,19,11,0.0,10.7,4,29,02:38 AM,03:54 PM,07:35 AM,06:07 PM,6,14,14,14,9,1,59,0.0,1025,19,10,230,7,buenos-aires
2021-05-07,21,12,0.0,10.7,5,21,03:37 AM,04:20 PM,07:36 AM,06:07 PM,8,16,16,16,5,1,60,0.0,1025,21,10,124,5,buenos-aires
2021-05-08,20,12,0.0,10.7,5,14,04:33 AM,04:46 PM,07:36 AM,06:06 PM,10,16,16,16,12,5,72,0.0,1026,20,10,49,10,buenos-aires
2021-05-09,20,13,0.0,10.7,5,7,05:29 AM,05:12 PM,07:37 AM,06:05 PM,11,15,16,15,10,25,76,0.0,1022,20,10,61,7,buenos-aires
2021-05-10,17,13,0.0,10.7,5,0,06:24 AM,05:39 PM,07:38 AM,06:04 PM,7,15,15,15,14,24,61,0.0,1022,17,10,211,11,buenos-aires
2021-05-11,19,9,0.0,10.0,3,0,07:21 AM,06:08 PM,07:39 AM,06:03 PM,4,14,14,14,10,13,53,0.0,1023,19,10,217,9,buenos-aires
2021-05-12,19,11,0.0,10.6,5,0,08:18 AM,06:41 PM,07:40 AM,06:02 PM,6,15,15,15,9,0,54,0.0,1022,19,10,305,8,buenos-aires
2021-05-13,19,10,0.0,10.0,3,8,09:15 AM,07:19 PM,07:40 AM,06:02 PM,6,13,14,13,9,17,58,0.0,1021,19,10,326,7,buenos-aires
2021-05-14,23,12,0.0,10.0,4,15,10:12 AM,08:01 PM,07:41 AM,06:01 PM,7,16,17,16,9,15,59,0.0,1022,23,10,191,6,buenos-aires
2021-05-15,20,13,0.0,10.6,5,22,11:06 AM,08:50 PM,07:42 AM,06:00 PM,8,16,16,16,5,4,59,0.0,1021,20,10,109,4,buenos-aires
2021-05-16,21,12,0.0,10.6,5,29,11:57 AM,09:45 PM,07:43 AM,06:00 PM,8,16,16,16,6,13,59,0.0,1020,21,10,220,4,buenos-aires
2021-05-17,20,13,0.0,8.7,5,37,12:43 PM,10:44 PM,07:43 AM,05:59 PM,10,16,16,16,8,3,67,0.0,1021,20,10,174,7,buenos-aires
2021-05-18,19,12,0.0,8.7,5,44,01:25 PM,11:46 PM,07:44 AM,05:58 PM,8,15,15,15,8,6,66,0.0,1020,19,10,51,7,buenos-aires
2021-05-19,18,11,0.0,5.4,3,51,02:01 PM,No moonset,07:45 AM,05:58 PM,9,14,14,14,13,45,72,0.0,1017,18,10,74,10,buenos-aires
2021-05-20,16,13,0.0,8.7,5,58,02:35 PM,12:50 AM,07:45 AM,05:57 PM,9,14,15,14,16,36,71,0.3,1016,16,10,90,12,buenos-aires
2021-05-21,15,13,0.0,3.8,3,66,03:07 PM,01:55 AM,07:46 AM,05:57 PM,11,13,14,13,20,79,83,44.9,1012,15,8,81,14,buenos-aires
2021-05-22,14,6,0.0,3.8,3,73,03:38 PM,03:02 AM,07:47 AM,05:56 PM,13,12,13,12,20,99,95,53.8,1000,14,8,141,14,buenos-aires
2021-05-23,15,12,0.0,3.8,3,80,04:10 PM,04:10 AM,07:48 AM,05:56 PM,10,10,13,10,35,79,85,13.8,1009,15,9,228,24,buenos-aires
2021-05-24,16,10,0.0,8.7,4,88,04:45 PM,05:21 AM,07:48 AM,05:55 PM,8,11,12,11,17,8,77,0.0,1015,16,10,285,12,buenos-aires
2021-05-25,16,10,0.0,8.7,4,95,05:26 PM,06:35 AM,07:49 AM,05:55 PM,7,12,13,12,17,2,68,0.0,1016,16,10,252,13,buenos-aires
2021-05-26,17,8,0.0,8.7,4,100,06:12 PM,07:51 AM,07:50 AM,05:54 PM,7,12,12,12,14,23,70,0.0,1016,17,10,284,9,buenos-aires
2021-05-27,20,12,0.0,8.7,5,100,07:06 PM,09:06 AM,07:50 AM,05:54 PM,11,15,15,15,15,8,74,0.0,1011,20,10,307,10,buenos-aires
2021-05-28,20,14,0.0,8.7,5,83,08:08 PM,10:15 AM,07:51 AM,05:53 PM,10,16,16,16,13,5,70,0.0,1005,20,10,277,9,buenos-aires
2021-05-29,13,10,0.0,7.1,3,76,09:14 PM,11:17 AM,07:51 AM,05:53 PM,5,10,11,10,22,33,66,0.0,1013,13,10,243,15,buenos-aires
2021-05-30,15,7,0.0,8.7,4,69,10:21 PM,12:08 PM,07:52 AM,05:53 PM,4,10,11,10,13,10,62,0.0,1020,15,10,303,10,buenos-aires
2021-05-31,18,10,0.0,8.7,4,65,11:28 PM,12:51 PM,07:53 AM,05:52 PM,6,12,13,12,21,19,62,0.0,1017,18,10,312,14,buenos-aires
2021-06-01,17,12,0.0,8.7,4,49,No moonrise,01:26 PM,07:53 AM,05:52 PM,7,13,14,13,19,45,65,0.0,1010,17,10,321,12,buenos-aires
2021-06-02,15,11,0.0,7.0,3,41,12:30 AM,01:57 PM,07:54 AM,05:52 PM,7,12,13,12,17,25,68,0.2,1016,15,10,227,12,buenos-aires
2021-06-03,17,9,0.0,8.7,4,34,01:30 AM,02:24 PM,07:54 AM,05:52 PM,5,12,12,12,10,14,63,0.0,1020,17,10,53,7,buenos-aires
2021-06-04,19,12,0.0,5.4,4,26,02:27 AM,02:50 PM,07:55 AM,05:51 PM,11,15,15,15,13,52,77,0.6,1012,19,10,203,8,buenos-aires
2021-06-05,17,14,0.0,7.0,4,19,03:23 AM,03:16 PM,07:56 AM,05:51 PM,11,15,15,15,15,44,77,6.1,1015,17,8,192,11,buenos-aires
2021-06-06,15,8,0.0,8.7,4,11,04:19 AM,03:43 PM,07:56 AM,05:51 PM,4,11,12,11,11,9,62,0.0,1021,15,10,140,8,buenos-aires
2021-06-07,14,10,0.0,7.0,3,4,05:15 AM,04:11 PM,07:57 AM,05:51 PM,9,11,12,11,16,47,79,1.6,1020,14,10,84,12,buenos-aires
